signal_id,ehtimollik
SG_000001,0.1453866704
SG_000007,0.1854917486
SG_000009,0.1112626316
SG_000010,0.1073934604
SG_000011,0.1423677577
SG_000018,0.1569227042
SG_000024,0.1845378877
SG_000026,0.1444003662
SG_000032,0.2101904887
SG_000033,0.2182479347
SG_000034,0.1079232324
SG_000036,0.1146107888
SG_000039,0.1238614636
SG_000048,0.1169552007
SG_000049,0.1990672328
SG_000050,0.2283263186
SG_000053,0.0939170612
SG_000054,0.2248386075
SG_000055,0.1782564869
SG_000058,0.1413697336
SG_000059,0.1359695368
SG_000061,0.1434268929
SG_000062,0.2087756778
SG_000072,0.1479487418
SG_000073,0.1894180444
SG_000075,0.1514017671
SG_000080,0.2252700808
SG_000081,0.1734404734
SG_000083,0.0880055853
SG_000086,0.1466400417
SG_000087,0.2698936377
SG_000092,0.1927979381
SG_000099,0.1773900345
SG_000100,0.1314559734
SG_000105,0.1240527869
SG_000106,0.1804439727
SG_000107,0.0760609262
SG_000118,0.1782345296
SG_000120,0.1376429870
SG_000125,0.1428746542
SG_000129,0.1564455281
SG_000137,0.1321833366
SG_000146,0.1497559159
SG_000147,0.2384354815
SG_000149,0.1863481095
SG_000153,0.2054603772
SG_000161,0.1250559089
SG_000163,0.1356182823
SG_000165,0.2207926528
SG_000173,0.1050491648
SG_000178,0.1306468162
SG_000179,0.0957421775
SG_000187,0.3776646370
SG_000192,0.0942526580
SG_000193,0.2534438035
SG_000195,0.1537727861
SG_000196,0.2044137838
SG_000201,0.1217468846
SG_000203,0.1788638261
SG_000205,0.2743344797
SG_000207,0.2013642844
SG_000211,0.2124773984
SG_000214,0.1242872548
SG_000217,0.0881548237
SG_000218,0.3235202691
SG_000219,0.1719163805
SG_000227,0.1279168644
SG_000229,0.0971570754
SG_000232,0.1885277964
SG_000240,0.0871445055
SG_000242,0.2973942556
SG_000244,0.1425393804
SG_000246,0.1457888561
SG_000250,0.1224347333
SG_000253,0.2127599135
SG_000262,0.1589940415
SG_000269,0.2571547558
SG_000270,0.1541497291
SG_000271,0.2125313153
SG_000284,0.2381806749
SG_000286,0.2291322077
SG_000287,0.1365538869
SG_000290,0.3379207978
SG_000291,0.1674697185
SG_000301,0.1508454388
SG_000302,0.1957151792
SG_000304,0.1030283015
SG_000306,0.2423042524
SG_000309,0.1108513513
SG_000314,0.2122621205
SG_000319,0.2578532266
SG_000320,0.1274186856
SG_000321,0.1313658525
SG_000325,0.2088977219
SG_000328,0.0986086011
SG_000329,0.1160247299
SG_000333,0.1283218720
SG_000334,0.1993861848
SG_000335,0.1441944433
SG_000339,0.0848310182
SG_000341,0.1128982934
SG_000345,0.2662446411
SG_000347,0.1220995075
SG_000349,0.1187175075
SG_000350,0.1312057168
SG_000351,0.0944273386
SG_000357,0.1414486391
SG_000360,0.2003289362
SG_000366,0.2995574047
SG_000368,0.1883588694
SG_000370,0.1734461985
SG_000378,0.1592012283
SG_000386,0.1844579065
SG_000394,0.1308039591
SG_000395,0.1236969056
SG_000397,0.2433560483
SG_000398,0.1296137694
SG_000401,0.1775538012
SG_000402,0.1379631819
SG_000414,0.2383434448
SG_000415,0.2100196802
SG_000419,0.2754286249
SG_000420,0.2193452360
SG_000422,0.3154233889
SG_000425,0.1801382097
SG_000430,0.0915219501
SG_000431,0.0819820753
SG_000435,0.0888484338
SG_000436,0.1185088570
SG_000440,0.2027579993
SG_000444,0.1060390898
SG_000450,0.1631108227
SG_000452,0.1701849427
SG_000454,0.1730899041
SG_000460,0.1526639881
SG_000462,0.1186158505
SG_000471,0.1812098208
SG_000474,0.2449749361
SG_000475,0.2256272213
SG_000476,0.1517546826
SG_000480,0.2197353831
SG_000482,0.2416090502
SG_000484,0.2504164151
SG_000487,0.1930746681
SG_000488,0.1977197573
SG_000494,0.2258686356
SG_000496,0.1651664999
SG_000497,0.0953743622
SG_000498,0.1214346761
SG_000501,0.1724624655
SG_000506,0.3045210143
SG_000511,0.1533896717
SG_000513,0.1048848353
SG_000524,0.1029303921
SG_000526,0.2026447541
SG_000527,0.1104553498
SG_000530,0.1241156491
SG_000535,0.1580506025
SG_000536,0.1394054150
SG_000551,0.1793221198
SG_000561,0.3012184610
SG_000563,0.2558092671
SG_000567,0.2252056051
SG_000572,0.1909420562
SG_000580,0.1578414549
SG_000583,0.1505042230
SG_000585,0.2791637913
SG_000588,0.1115205098
SG_000591,0.2689338847
SG_000593,0.1370743823
SG_000594,0.2399338903
SG_000598,0.0975902718
SG_000603,0.2516576692
SG_000610,0.1167976556
SG_000614,0.1446266417
SG_000615,0.1299733231
SG_000616,0.0904927298
SG_000617,0.0900219640
SG_000619,0.1232556854
SG_000621,0.2164521883
SG_000629,0.2099590873
SG_000633,0.1839403127
SG_000634,0.1900777123
SG_000638,0.1420594775
SG_000640,0.1665140898
SG_000643,0.1888007057
SG_000646,0.2574757159
SG_000648,0.1179998254
SG_000657,0.1353862444
SG_000662,0.1563016345
SG_000665,0.1264111273
SG_000666,0.2218181276
SG_000672,0.1232951947
SG_000674,0.1564117128
SG_000677,0.1219722402
SG_000678,0.2524036315
SG_000679,0.0981561323
SG_000691,0.1703546781
SG_000692,0.0934513387
SG_000693,0.2210291731
SG_000695,0.2415134499
SG_000696,0.1030832830
SG_000698,0.1115511398
SG_000706,0.1193885367
SG_000709,0.1527228055
SG_000713,0.1353100575
SG_000716,0.1645539670
SG_000717,0.0923941742
SG_000719,0.1712384514
SG_000722,0.2405780729
SG_000727,0.1402996181
SG_000734,0.1335554621
SG_000737,0.1191596649
SG_000739,0.1003144490
SG_000742,0.2324546013
SG_000743,0.1693662245
SG_000750,0.1122744858
SG_000751,0.2251645884
SG_000759,0.2394576190
SG_000762,0.1661879578
SG_000764,0.1834676976
SG_000768,0.1043722425
SG_000769,0.2053861247
SG_000770,0.1775290928
SG_000788,0.2656876134
SG_000790,0.1075523633
SG_000797,0.1662661359
SG_000798,0.1051020024
SG_000799,0.1725833194
SG_000802,0.1995583886
SG_000803,0.2989885319
SG_000809,0.2116221443
SG_000811,0.2048357995
SG_000812,0.2827955896
SG_000816,0.2623360938
SG_000817,0.1420415137
SG_000820,0.0981060139
SG_000821,0.1261393675
SG_000826,0.1697232372
SG_000840,0.1816720208
SG_000849,0.2299865537
SG_000851,0.0991728798
SG_000856,0.1013497197
SG_000857,0.2617185574
SG_000864,0.1036500284
SG_000865,0.1101343037
SG_000875,0.1677272753
SG_000883,0.1524882700
SG_000888,0.2462077964
SG_000889,0.1604555160
SG_000890,0.1983476215
SG_000891,0.1291586448
SG_000903,0.1303745716
SG_000907,0.1970700493
SG_000909,0.1073463645
SG_000910,0.2305015758
SG_000911,0.2561060213
SG_000912,0.1737186793
SG_000913,0.2536883789
SG_000917,0.2116606207
SG_000920,0.1736621576
SG_000928,0.0710454200
SG_000934,0.0833404417
SG_000935,0.2618908002
SG_000938,0.1849019616
SG_000940,0.1053138487
SG_000943,0.1681708320
SG_000945,0.1467921472
SG_000946,0.1615516480
SG_000948,0.1406514419
SG_000950,0.1817629971
SG_000954,0.2066511597
SG_000959,0.2105017375
SG_000963,0.2250104693
SG_000965,0.1222288943
SG_000968,0.2462132648
SG_000970,0.2635514079
SG_000973,0.1071069941
SG_000975,0.1143921780
SG_000977,0.1312798808
SG_000980,0.2587678858
SG_000981,0.1773197866
SG_000985,0.1911982869
SG_000987,0.2613617806
SG_000988,0.1879157365
SG_000990,0.1971103773
SG_000991,0.2465060894
SG_001002,0.2279708001
SG_001004,0.2653457902
SG_001009,0.1396839372
SG_001010,0.1187404331
SG_001014,0.1676699243
SG_001023,0.1788846793
SG_001027,0.0860656508
SG_001028,0.2739626609
SG_001030,0.1704806585
SG_001031,0.1366831088
SG_001032,0.1207791977
SG_001042,0.1936504931
SG_001048,0.1232740308
SG_001049,0.1008519851
SG_001052,0.1449891736
SG_001058,0.1184595591
SG_001060,0.1171482350
SG_001066,0.2466514519
SG_001067,0.1447825400
SG_001070,0.1367962324
SG_001071,0.1319444557
SG_001075,0.0798449873
SG_001076,0.2149965267
SG_001078,0.0951188094
SG_001081,0.1571705489
SG_001085,0.1570368536
SG_001086,0.1133627925
SG_001100,0.1362174208
SG_001101,0.0796619709
SG_001102,0.2068103710
SG_001106,0.1182552448
SG_001107,0.0880964862
SG_001108,0.1788627383
SG_001109,0.1230620687
SG_001111,0.2257270579
SG_001117,0.2822312861
SG_001121,0.2013989756
SG_001123,0.2344981228
SG_001125,0.2343339587
SG_001126,0.3057950107
SG_001128,0.1136213435
SG_001133,0.0919301234
SG_001135,0.2180131050
SG_001143,0.3467043290
SG_001153,0.0755646561
SG_001155,0.2516042378
SG_001157,0.2346607898
SG_001159,0.1437069413
SG_001161,0.2369634908
SG_001163,0.1142703373
SG_001167,0.2930892039
SG_001180,0.1759706386
SG_001181,0.3231822063
SG_001182,0.1723860770
SG_001184,0.2028818511
SG_001188,0.1137041427
SG_001190,0.2665265685
SG_001192,0.2076730474
SG_001196,0.2557770248
SG_001201,0.1995704650
SG_001202,0.0969169204
SG_001203,0.1703314729
SG_001205,0.1090704229
SG_001208,0.2214312366
SG_001210,0.2059640265
SG_001211,0.1477737249
SG_001213,0.1798006493
SG_001215,0.2271366378
SG_001217,0.2675784966
SG_001225,0.1941511468
SG_001226,0.1860384790
SG_001229,0.1954022220
SG_001230,0.1353800012
SG_001236,0.1352954069
SG_001237,0.0940085527
SG_001243,0.2054640870
SG_001245,0.1489943704
SG_001248,0.1042723445
SG_001252,0.0828617325
SG_001255,0.3292511704
SG_001257,0.2350771795
SG_001262,0.1408603600
SG_001264,0.1332397919
SG_001267,0.1088958949
SG_001279,0.0790418722
SG_001285,0.1392198230
SG_001287,0.1238505468
SG_001293,0.2002476296
SG_001296,0.2026349801
SG_001298,0.1269198625
SG_001303,0.1339709164
SG_001305,0.1166077719
SG_001306,0.1945725026
SG_001309,0.1596013948
SG_001312,0.1022199841
SG_001313,0.1988175052
SG_001314,0.1264857858
SG_001316,0.1153841819
SG_001318,0.1136293485
SG_001319,0.2279842427
SG_001321,0.2311024920
SG_001322,0.1678706760
SG_001327,0.1050131703
SG_001331,0.1497829934
SG_001335,0.1350677010
SG_001336,0.1796413459
SG_001349,0.1887890059
SG_001350,0.1354015846
SG_001352,0.1505656141
SG_001354,0.1318158831
SG_001361,0.1392977939
SG_001362,0.1753115302
SG_001364,0.1394187258
SG_001374,0.2424035891
SG_001389,0.1380598003
SG_001390,0.1451933765
SG_001395,0.2976682511
SG_001397,0.1328011244
SG_001401,0.1350221659
SG_001402,0.1584661806
SG_001405,0.1098319740
SG_001412,0.2394019569
SG_001415,0.1455547229
SG_001419,0.1148342515
SG_001421,0.2208540295
SG_001423,0.1786871019
SG_001432,0.1791215608
SG_001433,0.1147661106
SG_001441,0.2355114365
SG_001446,0.1350662122
SG_001447,0.1198308400
SG_001448,0.0795164175
SG_001453,0.0956753717
SG_001458,0.1245060856
SG_001465,0.1743743795
SG_001469,0.2090798782
SG_001470,0.1278000140
SG_001472,0.2905673434
SG_001476,0.2060253176
SG_001478,0.2637356077
SG_001480,0.2432157071
SG_001484,0.0789156856
SG_001487,0.2535072818
SG_001493,0.2513648257
SG_001494,0.2315727498
SG_001500,0.1699492249
SG_001505,0.1614551785
SG_001506,0.2398893216
SG_001510,0.1131643302
SG_001514,0.1890977086
SG_001520,0.1895242703
SG_001525,0.2635900208
SG_001527,0.1467157466
SG_001528,0.1518258605
SG_001529,0.1197761557
SG_001531,0.1888772422
SG_001541,0.2260898226
SG_001542,0.1966615465
SG_001543,0.2638787002
SG_001545,0.1473432226
SG_001549,0.1657897690
SG_001557,0.1569490848
SG_001558,0.2476632571
SG_001561,0.1624276045
SG_001562,0.0806783023
SG_001563,0.2141725849
SG_001567,0.1284044005
SG_001568,0.1229283608
SG_001569,0.1314853969
SG_001570,0.1961242054
SG_001571,0.1540693854
SG_001572,0.2454716185
SG_001573,0.0905314356
SG_001576,0.1629414707
SG_001584,0.1246105602
SG_001590,0.1831832441
SG_001591,0.1105518605
SG_001592,0.1101633716
SG_001595,0.1030300682
SG_001601,0.2185001279
SG_001604,0.2004885785
SG_001609,0.1768609335
SG_001610,0.2339676239
SG_001612,0.1245849815
SG_001613,0.2876749561
SG_001615,0.1202653425
SG_001623,0.1370982742
SG_001624,0.1109988918
SG_001631,0.1230289823
SG_001634,0.1986539786
SG_001636,0.2336262970
SG_001638,0.2991620792
SG_001647,0.2185672478
SG_001650,0.2322121861
SG_001653,0.2170166098
SG_001654,0.2448112880
SG_001658,0.2247017258
SG_001663,0.1970333952
SG_001667,0.1288765548
SG_001668,0.1371203514
SG_001670,0.0691865516
SG_001683,0.0947521423
SG_001686,0.1958655418
SG_001688,0.2305698797
SG_001689,0.1242912492
SG_001698,0.3046607105
SG_001704,0.1873093503
SG_001711,0.1954353728
SG_001719,0.1079187506
SG_001720,0.1141606547
SG_001723,0.1632562706
SG_001726,0.2137220117
SG_001728,0.0966959976
SG_001731,0.1179198118
SG_001733,0.1933872147
SG_001734,0.1166541856
SG_001735,0.1925761391
SG_001737,0.2862341110
SG_001738,0.2062967991
SG_001739,0.1455264524
SG_001740,0.1590954940
SG_001744,0.1597557147
SG_001745,0.1749739844
SG_001750,0.1389182101
SG_001751,0.1290767483
SG_001761,0.2324511942
SG_001767,0.1169925113
SG_001768,0.2012011231
SG_001769,0.1321080507
SG_001776,0.2955973083
SG_001786,0.0952916180
SG_001788,0.1389920868
SG_001789,0.2395994867
SG_001790,0.1083585806
SG_001791,0.1613437377
SG_001792,0.1899574693
SG_001793,0.1592292056
SG_001796,0.1217771984
SG_001797,0.1265409440
SG_001803,0.1576370378
SG_001804,0.0946330568
SG_001806,0.1305358048
SG_001811,0.1512788857
SG_001815,0.2056428296
SG_001819,0.1561082102
SG_001824,0.1394064924
SG_001825,0.2050856892
SG_001827,0.1741319605
SG_001830,0.2084728131
SG_001831,0.1112371084
SG_001833,0.2317117736
SG_001836,0.1425229099
SG_001844,0.2046999493
SG_001846,0.1144717823
SG_001847,0.2569147824
SG_001848,0.2537762124
SG_001849,0.2042241719
SG_001851,0.1044913436
SG_001858,0.1239109965
SG_001860,0.1129169018
SG_001862,0.2392675270
SG_001864,0.1183245817
SG_001865,0.2287217973
SG_001867,0.2073555567
SG_001872,0.0904334267
SG_001876,0.1324169307
SG_001877,0.3024107040
SG_001883,0.1459347635
SG_001884,0.1580299632
SG_001885,0.1081220308
SG_001886,0.3062532100
SG_001888,0.0991732986
SG_001890,0.1257113460
SG_001892,0.1529767252
SG_001893,0.2366924688
SG_001894,0.1520561963
SG_001895,0.2789967622
SG_001897,0.1901950453
SG_001901,0.1354306966
SG_001903,0.1549542572
SG_001904,0.0953720371
SG_001906,0.1697350604
SG_001909,0.1820239532
SG_001912,0.1461733971
SG_001914,0.1167065964
SG_001915,0.1278810222
SG_001919,0.1602624303
SG_001924,0.1279616055
SG_001925,0.0791925002
SG_001928,0.2452038988
SG_001930,0.1100310929
SG_001932,0.1458837749
SG_001933,0.1636610594
SG_001934,0.0752846331
SG_001936,0.1005982514
SG_001947,0.1398311844
SG_001953,0.2354672410
SG_001954,0.0999546271
SG_001955,0.2456125273
SG_001963,0.1720982158
SG_001971,0.2883985668
SG_001975,0.1539817270
SG_001976,0.1366412829
SG_001977,0.2109585009
SG_001980,0.1036511090
SG_001981,0.0950660956
SG_001982,0.1924628073
SG_001990,0.1597569469
SG_001999,0.1027497955
SG_002000,0.2441694928
SG_002002,0.2979078547
SG_002004,0.1700178509
SG_002008,0.2634764129
SG_002009,0.1650936067
SG_002016,0.2099067259
SG_002021,0.1603773263
SG_002024,0.1902545409
SG_002027,0.2629923114
SG_002037,0.1828639659
SG_002038,0.1889665311
SG_002039,0.1850538972
SG_002044,0.2110716812
SG_002045,0.1159079186
SG_002048,0.0810646064
SG_002050,0.2440626352
SG_002052,0.1447805064
SG_002063,0.1733887874
SG_002067,0.2551010683
SG_002068,0.1493419838
SG_002069,0.1252972847
SG_002074,0.1019542007
SG_002075,0.1626999922
SG_002078,0.1181076557
SG_002081,0.1161474741
SG_002090,0.2724378902
SG_002097,0.2312049486
SG_002103,0.1536492912
SG_002105,0.2316520738
SG_002110,0.1304263358
SG_002122,0.1755445127
SG_002123,0.1669516913
SG_002125,0.3085264216
SG_002129,0.2591414712
SG_002131,0.2157012751
SG_002137,0.2129076407
SG_002142,0.2175323357
SG_002150,0.1662252122
SG_002151,0.2205213495
SG_002152,0.1661361230
SG_002166,0.1028389966
SG_002171,0.2175475826
SG_002172,0.1623261253
SG_002176,0.1256708545
SG_002177,0.2497818913
SG_002181,0.2489461015
SG_002184,0.1234951575
SG_002185,0.2943292551
SG_002186,0.0958216244
SG_002191,0.1265588325
SG_002192,0.1971767921
SG_002194,0.1590017757
SG_002200,0.1738767145
SG_002209,0.2191391990
SG_002213,0.1090031157
SG_002220,0.1501291089
SG_002223,0.1330942016
SG_002227,0.1318027387
SG_002228,0.1038659341
SG_002233,0.1678960655
SG_002241,0.2475360089
SG_002248,0.2261439434
SG_002251,0.2105459761
SG_002252,0.1337707859
SG_002254,0.2051546856
SG_002255,0.2210879904
SG_002260,0.2826838496
SG_002262,0.1178195841
SG_002263,0.1104214759
SG_002266,0.1231741732
SG_002270,0.1358695056
SG_002277,0.1124477752
SG_002278,0.0943279543
SG_002280,0.1136107648
SG_002281,0.2132313037
SG_002283,0.1891895275
SG_002284,0.2415002722
SG_002286,0.1402641646
SG_002288,0.1466505433
SG_002291,0.1829356059
SG_002292,0.1521922490
SG_002294,0.1596215405
SG_002296,0.1638992491
SG_002298,0.1543990617
SG_002301,0.1041924262
SG_002304,0.2383685351
SG_002311,0.1710021911
SG_002319,0.2499656752
SG_002320,0.1548676132
SG_002322,0.1289303009
SG_002324,0.1491650309
SG_002328,0.1850693630
SG_002332,0.1150316941
SG_002341,0.2850864191
SG_002346,0.1224594096
SG_002347,0.1961205538
SG_002352,0.1129794193
SG_002357,0.1439314555
SG_002361,0.1166026641
SG_002370,0.0938955396
SG_002371,0.1906123147
SG_002372,0.0841172822
SG_002373,0.1288736191
SG_002374,0.1331210313
SG_002375,0.1543425060
SG_002381,0.1131788083
SG_002385,0.1032518322
SG_002387,0.1492459505
SG_002390,0.2256566427
SG_002391,0.0999250829
SG_002392,0.1210959652
SG_002394,0.2042501556
SG_002396,0.1312230566
SG_002401,0.1289261830
SG_002402,0.1300523677
SG_002404,0.1846549403
SG_002407,0.1686540805
SG_002410,0.1383564857
SG_002419,0.2790094407
SG_002421,0.1690941991
SG_002422,0.1350287413
SG_002423,0.2779324104
SG_002429,0.1525365263
SG_002430,0.2438453632
SG_002434,0.2340321557
SG_002437,0.1506794660
SG_002442,0.1243744497
SG_002444,0.1102034187
SG_002447,0.1063858046
SG_002448,0.0994271862
SG_002450,0.3020134238
SG_002453,0.1199360235
SG_002454,0.1534897095
SG_002455,0.1749613624
SG_002456,0.2201474335
SG_002458,0.1324561429
SG_002459,0.1943994216
SG_002460,0.2576031609
SG_002462,0.1242133717
SG_002464,0.1635147892
SG_002466,0.2046151736
SG_002475,0.1871631123
SG_002477,0.1645262598
SG_002479,0.1713681453
SG_002482,0.1544931850
SG_002483,0.2269381526
SG_002486,0.1488822068
SG_002490,0.2283460716
SG_002493,0.1114745107
SG_002495,0.1966514758
SG_002498,0.1144605935
SG_002500,0.2231936817
SG_002502,0.1180577907
SG_002507,0.1319753567
SG_002509,0.1484032015
SG_002517,0.2348121919
SG_002520,0.1694569410
SG_002522,0.1171786917
SG_002526,0.0987519905
SG_002529,0.1196299674
SG_002532,0.0948002292
SG_002539,0.1094056375
SG_002541,0.0830429997
SG_002544,0.1071141617
SG_002545,0.1403717343
SG_002546,0.2163636176
SG_002548,0.2119663783
SG_002555,0.2316968610
SG_002559,0.1212587543
SG_002568,0.0971315650
SG_002572,0.2543145883
SG_002573,0.1171564333
SG_002577,0.1354848503
SG_002580,0.1639469890
SG_002583,0.1759874545
SG_002586,0.1321145763
SG_002587,0.2046311558
SG_002588,0.1066751279
SG_002594,0.1322254090
SG_002596,0.0957086186
SG_002597,0.1023313949
SG_002599,0.1662466806
SG_002600,0.1821350021
SG_002601,0.1188827544
SG_002605,0.1303260886
SG_002613,0.1653178955
SG_002615,0.1792550655
SG_002618,0.1080078060
SG_002622,0.1361592185
SG_002627,0.1551216647
SG_002628,0.1210286880
SG_002630,0.0741114468
SG_002633,0.2612455553
SG_002638,0.0955806237
SG_002649,0.2026210350
SG_002650,0.1520747473
SG_002652,0.1260222409
SG_002653,0.1625523805
SG_002654,0.1085970565
SG_002657,0.1170319140
SG_002664,0.1741124366
SG_002665,0.0777702659
SG_002666,0.1905992439
SG_002667,0.1715828558
SG_002672,0.2332785640
SG_002673,0.1969295490
SG_002674,0.2104606292
SG_002675,0.1206569053
SG_002680,0.2840761142
SG_002684,0.2595063856
SG_002688,0.2429298074
SG_002689,0.1012559831
SG_002691,0.1132432964
SG_002693,0.2592711556
SG_002699,0.1421649443
SG_002701,0.1985371034
SG_002705,0.2280239231
SG_002720,0.0774204875
SG_002731,0.1629304390
SG_002733,0.1281853874
SG_002735,0.1898230323
SG_002736,0.2703204234
SG_002738,0.0907340266
SG_002742,0.2200065345
SG_002746,0.1591274218
SG_002748,0.0980666422
SG_002752,0.1291719916
SG_002755,0.1121297176
SG_002757,0.1203232364
SG_002759,0.1389449500
SG_002767,0.1530915923
SG_002770,0.2523865394
SG_002773,0.2062856424
SG_002777,0.2257749012
SG_002782,0.0954971376
SG_002783,0.1243505317
SG_002785,0.1204377814
SG_002788,0.1603042055
SG_002789,0.2298061667
SG_002793,0.1675601905
SG_002796,0.1119792797
SG_002798,0.1655904987
SG_002809,0.2656767039
SG_002814,0.2017258582
SG_002820,0.1354434309
SG_002825,0.2377454877
SG_002827,0.1562765660
SG_002829,0.1652407598
SG_002832,0.2959290676
SG_002834,0.1018182017
SG_002840,0.2231448333
SG_002842,0.1198416941
SG_002843,0.1456045925
SG_002849,0.2630585399
SG_002850,0.1246560238
SG_002853,0.1638429123
SG_002875,0.2692709972
SG_002882,0.2370526492
SG_002887,0.2687789825
SG_002891,0.1931247579
SG_002896,0.1540309073
SG_002904,0.1999628780
SG_002906,0.2807375230
SG_002907,0.2008022778
SG_002910,0.2389467280
SG_002918,0.1772095554
SG_002926,0.1120576598
SG_002930,0.1699564812
SG_002932,0.1069306512
SG_002937,0.2004535248
SG_002939,0.1487108459
SG_002943,0.1143488629
SG_002944,0.1315675015
SG_002947,0.1004929839
SG_002949,0.1755158194
SG_002950,0.0915643343
SG_002952,0.1385110464
SG_002954,0.1723562135
SG_002955,0.2458642135
SG_002958,0.2010887437
SG_002960,0.1484676296
SG_002964,0.2260288994
SG_002967,0.1470788107
SG_002972,0.2848022837
SG_002982,0.2747825774
SG_002985,0.1764733417
SG_002989,0.1855867999
SG_002999,0.1413837811
SG_003002,0.1755178458
SG_003008,0.1540829384
SG_003023,0.1190517253
SG_003024,0.1135617169
SG_003026,0.2348502975
SG_003028,0.2242244745
SG_003030,0.1389644395
SG_003031,0.1203338439
SG_003037,0.1417152160
SG_003042,0.1522396386
SG_003043,0.1335775051
SG_003044,0.2870870639
SG_003045,0.1329960050
SG_003048,0.2014799270
SG_003049,0.1183955931
SG_003051,0.1157621268
SG_003052,0.1532250502
SG_003059,0.2853746318
SG_003062,0.1249040945
SG_003065,0.1060144739
SG_003067,0.1120755407
SG_003071,0.1237399736
SG_003072,0.1816054817
SG_003073,0.1440991695
SG_003075,0.1797791690
SG_003080,0.1349546035
SG_003082,0.2057915466
SG_003084,0.2838670326
SG_003085,0.1192473426
SG_003088,0.1535317680
SG_003089,0.1958832489
SG_003096,0.1654770500
SG_003097,0.1874724821
SG_003102,0.1356173628
SG_003105,0.2049604422
SG_003107,0.0926661339
SG_003111,0.1397125453
SG_003116,0.1708400714
SG_003118,0.1347542941
SG_003125,0.0860917010
SG_003127,0.1261924685
SG_003133,0.2318530591
SG_003135,0.1866228504
SG_003137,0.2199676237
SG_003138,0.1209986603
SG_003139,0.3058346612
SG_003141,0.2862009659
SG_003144,0.2587836805
SG_003151,0.2258029152
SG_003154,0.1876557352
SG_003158,0.2149710385
SG_003160,0.1170370246
SG_003164,0.2271992821
SG_003168,0.1281693284
SG_003169,0.0911644509
SG_003174,0.0957348160
SG_003179,0.2784185707
SG_003184,0.1364401730
SG_003186,0.0891582594
SG_003193,0.2115697146
SG_003196,0.1313891888
SG_003198,0.2637201950
SG_003201,0.2056235355
SG_003204,0.3214036488
SG_003205,0.2040194526
SG_003206,0.1452957369
SG_003211,0.1985408351
SG_003214,0.2596621416
SG_003215,0.1084045899
SG_003216,0.1975016800
SG_003217,0.1411209454
SG_003219,0.2062206109
SG_003226,0.1701825852
SG_003227,0.2633356655
SG_003230,0.2108228024
SG_003231,0.1675071639
SG_003232,0.1143616575
SG_003234,0.1560360706
SG_003239,0.1433348984
SG_003241,0.1356498299
SG_003243,0.1066001663
SG_003250,0.1479406314
SG_003253,0.2056123532
SG_003256,0.1609288872
SG_003259,0.1518985628
SG_003266,0.2579320553
SG_003272,0.2311466200
SG_003273,0.1184966944
SG_003281,0.1066727312
SG_003284,0.1889724432
SG_003288,0.0771072477
SG_003293,0.1033826853
SG_003294,0.1796141541
SG_003295,0.1798547351
SG_003296,0.1103367100
SG_003301,0.1821671717
SG_003304,0.1195293574
SG_003305,0.2169094348
SG_003307,0.1895115439
SG_003310,0.1929423595
SG_003314,0.1963517945
SG_003321,0.1411768909
SG_003325,0.1190153956
SG_003328,0.2620534178
SG_003331,0.1704961359
SG_003332,0.2617004755
SG_003333,0.1761946372
SG_003340,0.2045117799
SG_003341,0.2645287210
SG_003342,0.1872955984
SG_003349,0.1726427352
SG_003355,0.1287985229
SG_003357,0.3245525831
SG_003361,0.1026214697
SG_003370,0.2634347037
SG_003371,0.1738509020
SG_003373,0.2114539161
SG_003374,0.2658991161
SG_003379,0.1537441599
SG_003388,0.1143428618
SG_003389,0.2225364053
SG_003390,0.0936186338
SG_003391,0.2277358003
SG_003392,0.1145671451
SG_003393,0.2835952840
SG_003397,0.0928143520
SG_003398,0.0979359794
SG_003399,0.1530182889
SG_003402,0.2057936681
SG_003404,0.1336495380
SG_003407,0.1069952324
SG_003408,0.1781100498
SG_003422,0.1134340524
SG_003426,0.1715695508
SG_003430,0.1449110315
SG_003434,0.0974454064
SG_003437,0.1904396158
SG_003439,0.1265746994
SG_003440,0.1745039067
SG_003441,0.0882689079
SG_003444,0.1684382960
SG_003447,0.1991258333
SG_003452,0.1152444467
SG_003453,0.3187331118
SG_003464,0.1859248426
SG_003469,0.1216298567
SG_003475,0.2242394017
SG_003477,0.2328662291
SG_003479,0.1432601199
SG_003480,0.2004729366
SG_003482,0.2526661814
SG_003483,0.3022010018
SG_003485,0.1378124965
SG_003486,0.2219088715
SG_003489,0.0754935726
SG_003491,0.1042319795
SG_003492,0.1304083035
SG_003493,0.1317802448
SG_003501,0.1962461305
SG_003505,0.2742146986
SG_003509,0.1018719868
SG_003517,0.1904008983
SG_003521,0.1737497726
SG_003526,0.1026180776
SG_003528,0.1235618911
SG_003532,0.1550401461
SG_003535,0.1058421885
SG_003538,0.1741704181
SG_003541,0.1092471944
SG_003545,0.1375361659
SG_003548,0.1244516656
SG_003549,0.1657122936
SG_003554,0.0867380187
SG_003557,0.3036134843
SG_003566,0.1404662575
SG_003568,0.1093379316
SG_003572,0.2112667536
SG_003575,0.1823967131
SG_003578,0.1370941985
SG_003584,0.1752526245
SG_003585,0.1574347837
SG_003588,0.2257653429
SG_003589,0.1386947599
SG_003594,0.2324662286
SG_003597,0.1849732947
SG_003598,0.1815258569
SG_003601,0.2046067663
SG_003603,0.2250063379
SG_003610,0.1299463246
SG_003611,0.1218360863
SG_003613,0.1798624065
SG_003618,0.0776066828
SG_003619,0.1184215312
SG_003620,0.3036836667
SG_003625,0.2439321490
SG_003627,0.1177147248
SG_003628,0.2081589355
SG_003629,0.1500638760
SG_003637,0.2499465609
SG_003648,0.0803224105
SG_003650,0.1021784155
SG_003666,0.1206357815
SG_003668,0.2411152053
SG_003670,0.2117772248
SG_003671,0.0841293173
SG_003689,0.1224110943
SG_003691,0.1107319505
SG_003699,0.2861765901
SG_003702,0.2094569534
SG_003704,0.1475393421
SG_003705,0.1778293470
SG_003706,0.1472847580
SG_003708,0.0957636703
SG_003710,0.0986316539
SG_003711,0.1193411053
SG_003714,0.1432521893
SG_003715,0.1929183832
SG_003722,0.2373548689
SG_003745,0.1505002805
SG_003746,0.1498627013
SG_003751,0.0954472590
SG_003754,0.2647249092
SG_003757,0.1775984300
SG_003758,0.2207273430
SG_003765,0.1453652730
SG_003767,0.0956893644
SG_003768,0.1463272860
SG_003769,0.1405761448
SG_003777,0.1749979922
SG_003783,0.0955433940
SG_003786,0.1357420166
SG_003787,0.1052625126
SG_003788,0.1033255880
SG_003792,0.1170191315
SG_003795,0.1217563420
SG_003806,0.1846925999
SG_003807,0.2182164607
SG_003809,0.1820927911
SG_003810,0.1127546622
SG_003812,0.2063861634
SG_003820,0.2279113859
SG_003822,0.1876547417
SG_003829,0.2137058260
SG_003835,0.0918725331
SG_003843,0.2293246428
SG_003844,0.1772207303
SG_003851,0.1135713970
SG_003852,0.2127366546
SG_003856,0.1359469927
SG_003860,0.2282207555
SG_003863,0.0947387796
SG_003865,0.1391704843
SG_003868,0.2207387665
SG_003869,0.1018331899
SG_003874,0.1388185970
SG_003878,0.2565444525
SG_003880,0.1650789370
SG_003881,0.1685011245
SG_003886,0.1324385083
SG_003896,0.1851972191
SG_003904,0.2350483367
SG_003905,0.2328955596
SG_003906,0.1162638459
SG_003907,0.1103185326
SG_003908,0.2073795298
SG_003910,0.2943453895
SG_003917,0.1262565537
SG_003919,0.1924332596
SG_003920,0.1827990002
SG_003921,0.0985526443
SG_003922,0.2268873463
SG_003925,0.1160613344
SG_003926,0.1107914215
SG_003935,0.1240797303
SG_003937,0.1503695706
SG_003940,0.1498736392
SG_003941,0.1599539483
SG_003945,0.2843257927
SG_003951,0.2502647033
SG_003958,0.0860600882
SG_003959,0.1156837421
SG_003961,0.2363576227
SG_003966,0.1759610566
SG_003967,0.1317585029
SG_003969,0.1368328451
SG_003972,0.2153134833
SG_003977,0.2551249521
SG_003978,0.0834426776
SG_003979,0.2387171012
SG_003988,0.1196200311
SG_003992,0.2194844921
SG_003994,0.1271969838
SG_003995,0.2333621990
SG_004001,0.2034836718
SG_004002,0.1270011009
SG_004011,0.0945335690
SG_004012,0.1014182977
SG_004016,0.2524085998
SG_004019,0.2752010355
SG_004034,0.2295529240
SG_004036,0.1234352486
SG_004041,0.2334468455
SG_004042,0.1668839694
SG_004045,0.1038605552
SG_004048,0.2485754836
SG_004049,0.0899746849
SG_004050,0.2643763472
SG_004054,0.2338427242
SG_004060,0.1456124623
SG_004063,0.1097232625
SG_004064,0.1528487420
SG_004065,0.3062518859
SG_004066,0.1323732443
SG_004071,0.1153493809
SG_004074,0.1071195889
SG_004078,0.2555598605
SG_004079,0.0951585397
SG_004080,0.1194109950
SG_004081,0.1821431510
SG_004083,0.2826739605
SG_004087,0.1197439122
SG_004089,0.1058635587
SG_004091,0.1100550842
SG_004093,0.2674738947
SG_004094,0.1867626875
SG_004100,0.1323299990
SG_004107,0.1410926433
SG_004109,0.1687194005
SG_004110,0.1806329251
SG_004111,0.1655038240
SG_004123,0.0837646973
SG_004126,0.0994275180
SG_004127,0.0842000222
SG_004129,0.1094937638
SG_004130,0.1108951161
SG_004131,0.2610109585
SG_004136,0.1128466279
SG_004140,0.1623877382
SG_004149,0.0965149994
SG_004152,0.2459955546
SG_004155,0.2031735007
SG_004157,0.1088392242
SG_004163,0.1141323889
SG_004164,0.1402052185
SG_004168,0.1216423683
SG_004170,0.1672726924
SG_004171,0.1392454122
SG_004174,0.1172582560
SG_004175,0.1144843785
SG_004178,0.1254840488
SG_004181,0.2135326266
SG_004184,0.2379313853
SG_004186,0.1579336383
SG_004187,0.2598102301
SG_004191,0.1586159757
SG_004192,0.2708956643
SG_004197,0.1621719729
SG_004201,0.2390585242
SG_004204,0.2317934504
SG_004207,0.2055103508
SG_004209,0.3059841743
SG_004214,0.1945587202
SG_004218,0.1380848250
SG_004220,0.1443515594
SG_004223,0.1288486846
SG_004224,0.1392807257
SG_004225,0.2142537133
SG_004228,0.2110387209
SG_004229,0.1254572829
SG_004230,0.1262554513
SG_004235,0.1351939577
SG_004238,0.1712416629
SG_004239,0.2547063563
SG_004244,0.1578174354
SG_004253,0.1944646361
SG_004256,0.1518033459
SG_004257,0.1655265435
SG_004258,0.1044490555
SG_004262,0.2191846785
SG_004263,0.1172266744
SG_004265,0.1193674037
SG_004268,0.1174919816
SG_004269,0.2337865705
SG_004271,0.1107576111
SG_004286,0.1339402781
SG_004289,0.1232850439
SG_004290,0.2328986814
SG_004291,0.2405402491
SG_004297,0.1783968140
SG_004300,0.1727858698
SG_004302,0.2118609577
SG_004305,0.1123447485
SG_004306,0.1679275925
SG_004312,0.1558816659
SG_004313,0.1047333748
SG_004315,0.2102515084
SG_004320,0.1259294618
SG_004321,0.2519545981
SG_004322,0.1919002735
SG_004325,0.1946923017
SG_004326,0.1663170395
SG_004339,0.1493625166
SG_004342,0.2250630797
SG_004347,0.1963085317
SG_004348,0.2800716876
SG_004349,0.2530767294
SG_004350,0.2226161231
SG_004357,0.0938286775
SG_004358,0.1994695006
SG_004359,0.1423641910
SG_004362,0.1908431112
SG_004365,0.1251867700
SG_004368,0.2235225939
SG_004369,0.1650078472
SG_004370,0.1686978134
SG_004378,0.1933436330
SG_004379,0.1490774838
SG_004388,0.1963291341
SG_004390,0.1063434844
SG_004391,0.1212516301
SG_004401,0.1261213720
SG_004404,0.3016978966
SG_004405,0.2091144104
SG_004406,0.1770468533
SG_004408,0.1235699951
SG_004415,0.1990854897
SG_004417,0.0996682476
SG_004419,0.1471237881
SG_004420,0.2565978873
SG_004422,0.1592601724
SG_004423,0.1200740270
SG_004426,0.1049661652
SG_004427,0.1159629670
SG_004429,0.2132776635
SG_004432,0.1177092391
SG_004439,0.2586479530
SG_004445,0.1616220247
SG_004447,0.1778577967
SG_004448,0.1164627790
SG_004451,0.1723972883
SG_004457,0.2125569156
SG_004458,0.0840689442
SG_004460,0.1168307731
SG_004461,0.2651425056
SG_004462,0.0750939627
SG_004464,0.1265114949
SG_004465,0.1432818440
SG_004469,0.0920454458
SG_004474,0.1515082619
SG_004475,0.1393859591
SG_004476,0.1049762560
SG_004477,0.1892851790
SG_004480,0.2667649303
SG_004482,0.2065738533
SG_004484,0.1380976360
SG_004486,0.1547343342
SG_004494,0.2508108956
SG_004504,0.1117407230
SG_004508,0.1088090325
SG_004509,0.2312855596
SG_004511,0.1741643346
SG_004514,0.1802993089
SG_004515,0.1645767324
SG_004518,0.1358968440
SG_004521,0.1237155771
SG_004526,0.1967886934
SG_004530,0.2307323123
SG_004534,0.2141122820
SG_004536,0.1141164854
SG_004538,0.1474577183
SG_004539,0.1810113681
SG_004541,0.1618165921
SG_004549,0.1387124659
SG_004552,0.1746317782
SG_004553,0.1130829377
SG_004556,0.1331045086
SG_004559,0.1124099085
SG_004562,0.1218981261
SG_004565,0.1323925244
SG_004568,0.1216887637
SG_004576,0.1226592257
SG_004577,0.1462017744
SG_004593,0.2695863063
SG_004594,0.1710789667
SG_004600,0.2823208534
SG_004602,0.2973076708
SG_004608,0.1350091557
SG_004609,0.2056849001
SG_004612,0.1290991059
SG_004614,0.0912252475
SG_004617,0.1907946705
SG_004620,0.1316334612
SG_004623,0.1633567025
SG_004626,0.2439465325
SG_004631,0.2020236721
SG_004632,0.1448915966
SG_004633,0.1575863015
SG_004635,0.1651380535
SG_004637,0.2001589806
SG_004638,0.1997726570
SG_004641,0.2505627350
SG_004645,0.1329991874
SG_004652,0.1181061417
SG_004653,0.1413490379
SG_004655,0.2419586698
SG_004656,0.1904805953
SG_004658,0.1187660082
SG_004659,0.1266846200
SG_004662,0.1541447689
SG_004664,0.1060774880
SG_004668,0.1371674531
SG_004669,0.1113575807
SG_004672,0.2701393542
SG_004676,0.1829379415
SG_004682,0.1172509604
SG_004685,0.2549966995
SG_004689,0.1257131549
SG_004695,0.1565176198
SG_004697,0.1525404551
SG_004700,0.2039455683
SG_004701,0.2780933983
SG_004709,0.2380229619
SG_004710,0.1317492926
SG_004712,0.1198075032
SG_004716,0.1592865140
SG_004720,0.1117231399
SG_004721,0.1077462362
SG_004723,0.1691381238
SG_004731,0.1997284608
SG_004736,0.2394272338
SG_004737,0.1761170302
SG_004738,0.1439959496
SG_004739,0.2125819517
SG_004742,0.1346153817
SG_004751,0.2655938412
SG_004753,0.0773232084
SG_004755,0.2616932456
SG_004757,0.1336333458
SG_004760,0.1429918681
SG_004761,0.1176377768
SG_004762,0.1130426317
SG_004763,0.1985661964
SG_004764,0.1850146201
SG_004766,0.2251947880
SG_004769,0.1204416285
SG_004772,0.0992893873
SG_004773,0.1638557680
SG_004782,0.1176854327
SG_004784,0.2114387869
SG_004786,0.2353802619
SG_004787,0.1419020660
SG_004789,0.0934993177
SG_004797,0.1312621801
SG_004798,0.1427888223
SG_004799,0.2315767572
SG_004801,0.2643382940
SG_004804,0.2593667472
SG_004813,0.2548982974
SG_004816,0.3036290791
SG_004817,0.1029468486
SG_004818,0.2182934092
SG_004821,0.1470957903
SG_004827,0.1566574128
SG_004828,0.1207839518
SG_004829,0.1892810371
SG_004830,0.2157515205
SG_004831,0.2292293501
SG_004836,0.1110740192
SG_004840,0.1615181804
SG_004842,0.1449265501
SG_004844,0.0987566778
SG_004846,0.2134834149
SG_004853,0.1156678162
SG_004855,0.2096686273
SG_004856,0.1152837497
SG_004866,0.1406487777
SG_004867,0.1062673541
SG_004868,0.2885878587
SG_004873,0.1966319732
SG_004877,0.1390555043
SG_004881,0.1124084750
SG_004882,0.2384748493
SG_004887,0.2187411543
SG_004898,0.2817373659
SG_004900,0.1821579167
SG_004906,0.2995748516
SG_004907,0.1278330495
SG_004912,0.1922717929
SG_004913,0.1255307374
SG_004919,0.1182123583
SG_004922,0.1967622083
SG_004923,0.1518771153
SG_004925,0.1987869023
SG_004927,0.0997576707
SG_004929,0.2525788965
SG_004930,0.2289480773
SG_004939,0.2246447361
SG_004942,0.1088418554
SG_004944,0.1285501516
SG_004945,0.1016809326
SG_004959,0.1599578187
SG_004960,0.2101176852
SG_004964,0.1244310313
SG_004968,0.2498632027
SG_004969,0.1841032583
SG_004973,0.2632851109
SG_004975,0.1849833629
SG_004981,0.1585558016
SG_004985,0.2255071740
SG_004988,0.1856555358
SG_004990,0.1645063756
SG_004993,0.1176386750
SG_004997,0.0825469538
SG_005000,0.1280927674
SG_005002,0.2801273214
SG_005004,0.2838810214
SG_005011,0.1333325412
SG_005013,0.0999054562
SG_005018,0.1371914087
SG_005019,0.1111301568
SG_005020,0.0980343917
SG_005022,0.1057291527
SG_005027,0.1507628120
SG_005029,0.0976627781
SG_005030,0.1020033540
SG_005031,0.1248037213
SG_005033,0.0936716857
SG_005037,0.0918133719
SG_005041,0.0975756723
SG_005048,0.1480093190
SG_005049,0.1545054728
SG_005052,0.1740294937
SG_005057,0.1807167461
SG_005058,0.1596706620
SG_005062,0.2644247800
SG_005080,0.1114051345
SG_005085,0.0919184688
SG_005086,0.1567965109
SG_005089,0.1895840406
SG_005090,0.0981884078
SG_005091,0.2845818535
SG_005094,0.1906171634
SG_005097,0.1869061254
SG_005098,0.1435680689
SG_005100,0.2671020494
SG_005101,0.1983586991
SG_005102,0.2936411257
SG_005108,0.2516002687
SG_005110,0.2685999047
SG_005114,0.1566424200
SG_005120,0.1280682680
SG_005122,0.1504829049
SG_005123,0.1502263788
SG_005126,0.1678031528
SG_005131,0.0917050714
SG_005132,0.1031862530
SG_005134,0.1160221420
SG_005137,0.1137512599
SG_005140,0.1455324420
SG_005141,0.2101176353
SG_005142,0.1902903539
SG_005143,0.1052167564
SG_005148,0.1811496479
SG_005161,0.2224445265
SG_005168,0.2277758084
SG_005170,0.0887651995
SG_005171,0.1949586010
SG_005174,0.1304066558
SG_005175,0.1192240688
SG_005178,0.1882012801
SG_005179,0.1047684162
SG_005188,0.2369481775
SG_005190,0.2151900699
SG_005191,0.1138724235
SG_005194,0.2476200600
SG_005196,0.1198337064
SG_005199,0.1205970968
SG_005200,0.1152434417
SG_005203,0.1387393751
SG_005205,0.1795402299
SG_005213,0.1229724423
SG_005214,0.1847109327
SG_005216,0.2309601540
SG_005220,0.1493179929
SG_005224,0.1210465312
SG_005228,0.2180768673
SG_005233,0.1204125302
SG_005235,0.1717980906
SG_005240,0.0873510842
SG_005241,0.1614613679
SG_005246,0.2357369143
SG_005247,0.1615272493
SG_005248,0.1745792006
SG_005250,0.1696341360
SG_005251,0.1797532554
SG_005253,0.0995999159
SG_005255,0.1580977307
SG_005264,0.1827267291
SG_005268,0.0937799751
SG_005270,0.1386320362
SG_005277,0.2447278271
SG_005282,0.0978288741
SG_005283,0.1822338578
SG_005284,0.1495884375
SG_005287,0.2343163397
SG_005289,0.1958901336
SG_005291,0.1811511846
SG_005292,0.0971481731
SG_005296,0.0945177320
SG_005302,0.1570962293
SG_005305,0.1811072956
SG_005311,0.1501573394
SG_005312,0.1717539717
SG_005313,0.1148123281
SG_005316,0.1181650152
SG_005320,0.1737093939
SG_005321,0.1967761920
SG_005322,0.2472445569
SG_005323,0.2124010099
SG_005325,0.1295057761
SG_005328,0.1563941832
SG_005329,0.1740011520
SG_005332,0.1950551879
SG_005333,0.2453881355
SG_005335,0.1112334277
SG_005340,0.2019895191
SG_005341,0.1279008255
SG_005346,0.1808232064
SG_005350,0.3269288072
SG_005351,0.1140470615
SG_005353,0.0985107377
SG_005356,0.1098482998
SG_005360,0.2058070499
SG_005362,0.1994836993
SG_005363,0.1263590188
SG_005365,0.1573230407
SG_005371,0.1355528845
SG_005372,0.1171076595
SG_005376,0.2116872900
SG_005378,0.1796988189
SG_005379,0.1048373996
SG_005380,0.2337291411
SG_005384,0.2455397306
SG_005386,0.2111873652
SG_005387,0.2457539005
SG_005397,0.2659936541
SG_005401,0.2329364944
SG_005408,0.2456004557
SG_005412,0.1338344745
SG_005414,0.2127731505
SG_005421,0.1687916215
SG_005424,0.1178878732
SG_005428,0.1771234663
SG_005432,0.1455119646
SG_005439,0.2984677209
SG_005444,0.1233657660
SG_005445,0.1973318803
SG_005446,0.1980873187
SG_005447,0.2782162441
SG_005449,0.1555343928
SG_005450,0.2161012228
SG_005451,0.1533238799
SG_005452,0.1190687760
SG_005456,0.1370988594
SG_005457,0.0826160138
SG_005459,0.0673026568
SG_005460,0.1307905455
SG_005465,0.1846329176
SG_005466,0.2421532449
SG_005470,0.2793493257
SG_005473,0.1930013221
SG_005477,0.1697598465
SG_005486,0.1441910680
SG_005489,0.1581431131
SG_005491,0.2358661812
SG_005496,0.1275908383
SG_005497,0.2217589109
SG_005499,0.2336817019
SG_005503,0.1534084670
SG_005504,0.1161188614
SG_005506,0.1532368862
SG_005510,0.1284652187
SG_005511,0.3079692674
SG_005515,0.1228652225
SG_005518,0.2369195904
SG_005519,0.2642583712
SG_005524,0.2582457660
SG_005529,0.2200389463
SG_005530,0.1448132203
SG_005531,0.1426766685
SG_005532,0.0898507407
SG_005534,0.1938392753
SG_005535,0.2021358975
SG_005541,0.1760890953
SG_005542,0.1782656921
SG_005550,0.0998199706
SG_005555,0.1425647064
SG_005557,0.1303051093
SG_005565,0.1892895228
SG_005569,0.1243737712
SG_005572,0.1015404081
SG_005575,0.1093358971
SG_005579,0.2932475136
SG_005580,0.1867464313
SG_005583,0.1085489179
SG_005591,0.2522002044
SG_005592,0.1397243658
SG_005593,0.1507550085
SG_005594,0.1350615661
SG_005599,0.1623166062
SG_005603,0.2238765503
SG_005606,0.1201114476
SG_005611,0.2265186227
SG_005615,0.2559382440
SG_005622,0.1539350386
SG_005625,0.1972985285
SG_005630,0.2133914112
SG_005634,0.1544351493
SG_005635,0.2022913459
SG_005636,0.2855025516
SG_005638,0.1841312415
SG_005640,0.1293688674
SG_005643,0.1064384140
SG_005644,0.1165518087
SG_005645,0.2622467599
SG_005650,0.1777307494
SG_005654,0.3237216926
SG_005655,0.0922319789
SG_005656,0.1740756878
SG_005661,0.2644077176
SG_005664,0.0960772043
SG_005666,0.2322631115
SG_005671,0.1344307145
SG_005681,0.1593680774
SG_005683,0.2468032259
SG_005687,0.1602428334
SG_005688,0.1658729136
SG_005691,0.1736579361
SG_005692,0.2327305928
SG_005693,0.1879371118
SG_005694,0.2251418755
SG_005696,0.1843311338
SG_005703,0.1536357228
SG_005704,0.1525623631
SG_005706,0.2791060790
SG_005707,0.2576525504
SG_005713,0.1212556171
SG_005715,0.1377051421
SG_005719,0.1215042668
SG_005722,0.0765649352
SG_005724,0.1778715126
SG_005725,0.1685906974
SG_005726,0.1122707582
SG_005730,0.2367562074
SG_005735,0.1407569585
SG_005736,0.3082968041
SG_005740,0.1533349712
SG_005748,0.1945838481
SG_005750,0.1329514646
SG_005753,0.2800312128
SG_005758,0.1191846487
SG_005759,0.1007060624
SG_005764,0.0903539498
SG_005765,0.0969197002
SG_005772,0.1792539763
SG_005773,0.1004250474
SG_005776,0.1348642002
SG_005778,0.2282233417
SG_005784,0.1267853360
SG_005786,0.0942073877
SG_005789,0.1709984844
SG_005794,0.1811873370
SG_005796,0.1448598956
SG_005801,0.1590492500
SG_005807,0.0903526523
SG_005809,0.1388143149
SG_005811,0.1437090152
SG_005813,0.1234686906
SG_005814,0.2211786571
SG_005817,0.1061268081
SG_005818,0.2350898728
SG_005820,0.0958070459
SG_005821,0.1534628582
SG_005824,0.1238287190
SG_005825,0.1535790219
SG_005827,0.1432955856
SG_005828,0.2446084856
SG_005830,0.1445602530
SG_005838,0.2998158443
SG_005840,0.2936533907
SG_005842,0.1500351055
SG_005846,0.1152237889
SG_005847,0.0932161001
SG_005848,0.1924971749
SG_005857,0.2620057050
SG_005861,0.1117431143
SG_005862,0.1906818216
SG_005871,0.1466278120
SG_005872,0.2520907423
SG_005873,0.1302849475
SG_005874,0.1379550317
SG_005875,0.2158954559
SG_005877,0.1143148304
SG_005880,0.1155623465
SG_005884,0.1242774838
SG_005892,0.2553820736
SG_005894,0.1149414778
SG_005898,0.2143452030
SG_005899,0.1699928738
SG_005905,0.2127930543
SG_005909,0.1276257905
SG_005910,0.1805280601
SG_005920,0.1626762193
SG_005921,0.1813680497
SG_005922,0.1274765717
SG_005925,0.1652366798
SG_005928,0.1572050953
SG_005932,0.0804731841
SG_005934,0.2152364939
SG_005935,0.1301426724
SG_005937,0.1766017346
SG_005939,0.1360087198
SG_005943,0.1604826894
SG_005951,0.1029388359
SG_005955,0.2474129993
SG_005959,0.2239902807
SG_005966,0.1561319984
SG_005967,0.2515182149
SG_005969,0.2329373217
SG_005976,0.3559835317
SG_005977,0.2158672747
SG_005979,0.1837380260
SG_005980,0.1351377455
SG_005985,0.2017554268
SG_005986,0.2432428347
SG_005991,0.2922154043
SG_005999,0.0991194252
SG_006000,0.1743769139
SG_006004,0.2732567115
SG_006009,0.2120408618
SG_006012,0.1144591708
SG_006013,0.2360521012
SG_006022,0.1585808124
SG_006023,0.2115661625
SG_006026,0.1296800766
SG_006028,0.1930335723
SG_006029,0.1671401669
SG_006033,0.1697681931
SG_006035,0.1146046850
SG_006036,0.1421316405
SG_006038,0.1441511806
SG_006039,0.2849044983
SG_006041,0.1120456580
SG_006047,0.1491686827
SG_006049,0.1214510322
SG_006050,0.2293405894
SG_006054,0.0803144483
SG_006063,0.1597792981
SG_006067,0.2448890291
SG_006069,0.2849192343
SG_006073,0.1042891146
SG_006074,0.1341002314
SG_006075,0.1024032231
SG_006076,0.1695397886
SG_006077,0.2194392677
SG_006079,0.2246674306
SG_006081,0.0955970313
SG_006086,0.1305768612
SG_006092,0.1383020151
SG_006095,0.1497368297
SG_006097,0.2256338830
SG_006099,0.2576931174
SG_006101,0.1406130005
SG_006112,0.2003572049
SG_006122,0.1602096191
SG_006127,0.2162065954
SG_006131,0.1052878090
SG_006133,0.1448059481
SG_006136,0.1602415800
SG_006137,0.2236988538
SG_006140,0.1909943234
SG_006143,0.1375531700
SG_006148,0.1191901674
SG_006150,0.2499878109
SG_006151,0.2260632689
SG_006154,0.1062847743
SG_006161,0.1157625608
SG_006163,0.2170602011
SG_006169,0.2176863305
SG_006170,0.1303580727
SG_006179,0.1811076845
SG_006181,0.1340121232
SG_006184,0.1104954364
SG_006187,0.1149737035
SG_006189,0.1868096537
SG_006197,0.1056662719
SG_006202,0.1402841701
SG_006206,0.1219322275
SG_006212,0.1876845337
SG_006213,0.2563447888
SG_006218,0.1470873911
SG_006222,0.1797445429
SG_006224,0.1215958263
SG_006225,0.3397748092
SG_006226,0.2662352758
SG_006229,0.1196617793
SG_006237,0.2810078566
SG_006238,0.0928680288
SG_006240,0.0770242285
SG_006241,0.0948894651
SG_006242,0.2004805363
SG_006244,0.2272526815
SG_006245,0.1097802654
SG_006247,0.1492218465
SG_006250,0.1306758486
SG_006251,0.1302287926
SG_006252,0.1811711954
SG_006254,0.2363960114
SG_006256,0.2531932389
SG_006260,0.1528663855
SG_006262,0.1502913467
SG_006263,0.1113223774
SG_006264,0.0965394537
SG_006266,0.3205575741
SG_006269,0.2507297990
SG_006275,0.2676761792
SG_006277,0.1096563136
SG_006283,0.1402181194
SG_006284,0.0975544926
SG_006287,0.1636638045
SG_006288,0.1138973838
SG_006300,0.1294313901
SG_006301,0.1177719655
SG_006304,0.2014134505
SG_006306,0.1985629258
SG_006313,0.1748331717
SG_006315,0.1434639739
SG_006317,0.1842015981
SG_006320,0.1720191321
SG_006322,0.2402458702
SG_006326,0.1177129492
SG_006328,0.2404786098
SG_006331,0.1382134251
SG_006337,0.1798937839
SG_006340,0.1931457213
SG_006345,0.2015602507
SG_006348,0.0875113319
SG_006349,0.1405904088
SG_006356,0.1636905554
SG_006357,0.1114524911
SG_006358,0.1657998724
SG_006360,0.2157768559
SG_006371,0.1315322763
SG_006373,0.1629917275
SG_006380,0.2052228025
SG_006382,0.1101309674
SG_006388,0.0825207297
SG_006393,0.1668390043
SG_006394,0.0948268048
SG_006396,0.0996329914
SG_006398,0.1614252947
SG_006400,0.2054297869
SG_006403,0.1244272627
SG_006404,0.1110167389
SG_006411,0.1510958147
SG_006417,0.1918787647
SG_006418,0.2221216135
SG_006420,0.1875053831
SG_006421,0.1126524148
SG_006423,0.1255461694
SG_006424,0.1533412884
SG_006429,0.2008040370
SG_006435,0.1337322000
SG_006438,0.2181044905
SG_006439,0.2829162350
SG_006441,0.1206136556
SG_006445,0.1673228842
SG_006446,0.1614990112
SG_006448,0.1770908678
SG_006451,0.1243167364
SG_006452,0.1640995807
SG_006455,0.1560259685
SG_006463,0.2741434192
SG_006467,0.1617672174
SG_006469,0.1081604410
SG_006470,0.1848969770
SG_006477,0.1729211812
SG_006480,0.2651454442
SG_006486,0.1476252511
SG_006487,0.1156353609
SG_006488,0.2269747084
SG_006490,0.2142336581
SG_006491,0.2172852112
SG_006493,0.2138863124
SG_006494,0.1785756949
SG_006496,0.1001637931
SG_006497,0.1612481317
SG_006498,0.2204174070
SG_006500,0.1822182331
SG_006502,0.1034038843
SG_006503,0.1699245079
SG_006505,0.2741077699
SG_006506,0.2278788402
SG_006507,0.1876717190
SG_006512,0.1317055078
SG_006516,0.1505223522
SG_006520,0.1163943593
SG_006522,0.1200858860
SG_006528,0.2314363006
SG_006534,0.2163847051
SG_006535,0.1972726221
SG_006536,0.1505030083
SG_006537,0.1470957604
SG_006539,0.2390005269
SG_006541,0.1176678649
SG_006543,0.2178221476
SG_006545,0.1973115473
SG_006548,0.1577945589
SG_006550,0.1048381772
SG_006551,0.1061553867
SG_006557,0.1513377691
SG_006560,0.1043070963
SG_006564,0.2776836861
SG_006566,0.1701672311
SG_006567,0.3213370899
SG_006577,0.1651803481
SG_006579,0.1179796902
SG_006581,0.0969231536
SG_006588,0.1272382229
SG_006592,0.1826355453
SG_006597,0.0810451426
SG_006601,0.1216415956
SG_006607,0.0828050024
SG_006608,0.1445043275
SG_006610,0.0991267169
SG_006615,0.2002558827
SG_006616,0.1665123550
SG_006620,0.1628267150
SG_006622,0.1296128307
SG_006623,0.2023194941
SG_006624,0.1454562980
SG_006626,0.2545932745
SG_006627,0.3288528956
SG_006633,0.1233486083
SG_006637,0.1471115997
SG_006638,0.2858954088
SG_006639,0.2024465832
SG_006644,0.1693405987
SG_006645,0.2298803992
SG_006651,0.1916249772
SG_006659,0.1242393154
SG_006664,0.1585807366
SG_006668,0.1206713132
SG_006673,0.1123830496
SG_006687,0.1280227787
SG_006688,0.1921267746
SG_006690,0.1951822795
SG_006693,0.2331156336
SG_006698,0.0819903345
SG_006700,0.1577255121
SG_006706,0.1159867136
SG_006710,0.1121977487
SG_006713,0.1227811152
SG_006716,0.1426024343
SG_006728,0.1373289060
SG_006734,0.2381936387
SG_006736,0.2584615005
SG_006744,0.1858237501
SG_006745,0.1428615270
SG_006749,0.1146969083
SG_006758,0.1000235382
SG_006760,0.1884965334
SG_006765,0.1871766801
SG_006766,0.2466191296
SG_006769,0.1950089271
SG_006778,0.1304734971
SG_006780,0.1336420715
SG_006781,0.1580023254
SG_006786,0.1964913139
SG_006789,0.1665052681
SG_006792,0.1752677735
SG_006793,0.0774961509
SG_006800,0.2098687378
SG_006802,0.1760482513
SG_006808,0.1655455144
SG_006820,0.1231383508
SG_006833,0.1504647334
SG_006835,0.1319973441
SG_006837,0.1328022873
SG_006841,0.1721534291
SG_006847,0.1383845050
SG_006848,0.1156619582
SG_006851,0.1412181807
SG_006852,0.1801112109
SG_006860,0.0944566831
SG_006861,0.1471422269
SG_006863,0.1428023144
SG_006866,0.1753530203
SG_006868,0.1770638555
SG_006874,0.1313850870
SG_006877,0.1128041416
SG_006879,0.1123768044
SG_006880,0.1164356244
SG_006881,0.1715878232
SG_006889,0.0897822445
SG_006890,0.2692302251
SG_006897,0.2856710148
SG_006901,0.1961243748
SG_006908,0.1236708015
SG_006910,0.1312653904
SG_006914,0.2719020793
SG_006918,0.1611285764
SG_006924,0.1120155655
SG_006925,0.1791705805
SG_006927,0.1388974388
SG_006929,0.1378651650
SG_006937,0.1908074274
SG_006938,0.1180820943
SG_006940,0.1810683869
SG_006942,0.1017267494
SG_006945,0.1168692661
SG_006949,0.1805001586
SG_006950,0.2466705572
SG_006951,0.1524066341
SG_006953,0.0952633489
SG_006954,0.1910476260
SG_006956,0.2793744036
SG_006957,0.2366695864
SG_006962,0.1146849126
SG_006963,0.1123043452
SG_006964,0.0926984365
SG_006966,0.0948211952
SG_006970,0.1495749926
SG_006971,0.2964785859
SG_006972,0.1375428308
SG_006974,0.2993163790
SG_006977,0.1768480413
SG_006978,0.1049315411
SG_006981,0.2287108857
SG_006982,0.3266102899
SG_006983,0.0825069857
SG_006984,0.1283573065
SG_006987,0.1505132583
SG_006994,0.1422828236
SG_006997,0.0865739170
SG_007002,0.2365388594
SG_007005,0.2051141198
SG_007009,0.1671384951
SG_007011,0.1560428847
SG_007017,0.0782160511
SG_007018,0.0685120024
SG_007019,0.1198095945
SG_007029,0.1738822125
SG_007030,0.1051811730
SG_007033,0.1752850759
SG_007040,0.1668280885
SG_007047,0.2541889720
SG_007054,0.0965717530
SG_007055,0.2454978274
SG_007056,0.1610174713
SG_007061,0.1414807096
SG_007062,0.1121928715
SG_007067,0.1797295806
SG_007068,0.1387329582
SG_007069,0.2814722779
SG_007073,0.0951687132
SG_007075,0.2138845569
SG_007076,0.1179196931
SG_007078,0.2477154959
SG_007080,0.1661468921
SG_007091,0.1761078948
SG_007095,0.1556050250
SG_007100,0.1856437925
SG_007104,0.1655276290
SG_007112,0.1628914501
SG_007114,0.2316090484
SG_007127,0.1195052553
SG_007130,0.1391153959
SG_007133,0.1843910710
SG_007136,0.1277083265
SG_007138,0.2803140224
SG_007139,0.1069561722
SG_007143,0.2061411716
SG_007146,0.1688892048
SG_007150,0.1530697734
SG_007155,0.1410223186
SG_007157,0.1979084588
SG_007160,0.1827488754
SG_007162,0.1622095241
SG_007163,0.2319036548
SG_007166,0.2593075049
SG_007168,0.1031169925
SG_007170,0.1201460636
SG_007179,0.1183400748
SG_007181,0.1162785039
SG_007183,0.1488898686
SG_007186,0.1035627461
SG_007202,0.1326649551
SG_007203,0.1707988065
SG_007204,0.1273406169
SG_007205,0.2676088784
SG_007210,0.2655935503
SG_007212,0.1806513657
SG_007215,0.0860293665
SG_007218,0.1865700102
SG_007226,0.0986626714
SG_007229,0.1869790886
SG_007231,0.1866764075
SG_007234,0.1568685703
SG_007237,0.2641390095
SG_007239,0.1113952027
SG_007240,0.2305427550
SG_007249,0.1902952895
SG_007252,0.0968978572
SG_007255,0.1193374219
SG_007256,0.1474752137
SG_007257,0.2390177414
SG_007263,0.1681541102
SG_007264,0.1278697619
SG_007265,0.1368884561
SG_007268,0.1591158422
SG_007271,0.1670019960
SG_007275,0.2160188507
SG_007280,0.1888120972
SG_007281,0.1962998042
SG_007282,0.1418520753
SG_007283,0.1153109381
SG_007287,0.1437032495
SG_007288,0.2054185718
SG_007301,0.1759457037
SG_007307,0.1506156164
SG_007310,0.1308481979
SG_007312,0.2526980152
SG_007314,0.2030614662
SG_007319,0.1682919212
SG_007326,0.1026189039
SG_007331,0.1233733624
SG_007333,0.1974674801
SG_007334,0.1783691005
SG_007338,0.1407081045
SG_007340,0.2990733642
SG_007345,0.0863739202
SG_007349,0.1820410344
SG_007356,0.1141252305
SG_007358,0.0943894556
SG_007368,0.1237834022
SG_007370,0.1442981321
SG_007371,0.1612997632
SG_007372,0.1340095397
SG_007375,0.1125286391
SG_007378,0.1189723438
SG_007379,0.1422034261
SG_007380,0.2347445693
SG_007383,0.1268170399
SG_007384,0.2127699158
SG_007389,0.1474180631
SG_007390,0.1237837880
SG_007401,0.2596866486
SG_007403,0.1610961398
SG_007406,0.1357814769
SG_007409,0.2823903699
SG_007410,0.2871377706
SG_007413,0.2095143632
SG_007416,0.2128530192
SG_007419,0.2359620760
SG_007420,0.2101574261
SG_007423,0.1778572157
SG_007424,0.2872322980
SG_007428,0.2124741960
SG_007433,0.1857199415
SG_007434,0.1546300895
SG_007437,0.1311100170
SG_007441,0.2079341937
SG_007443,0.1657751172
SG_007450,0.0870224100
SG_007452,0.2183616894
SG_007455,0.1399840261
SG_007462,0.1696418548
SG_007464,0.2448898933
SG_007466,0.1219000368
SG_007469,0.1371827896
SG_007470,0.2966898716
SG_007472,0.1206908331
SG_007476,0.1963565538
SG_007486,0.2641142144
SG_007489,0.1834197173
SG_007490,0.1176440111
SG_007495,0.2955279700
SG_007499,0.2211143846
SG_007506,0.0881660815
SG_007508,0.1442802223
SG_007509,0.1145427247
SG_007517,0.2034745918
SG_007518,0.2205460514
SG_007522,0.2481412030
SG_007524,0.1890780456
SG_007527,0.1288719943
SG_007535,0.1043618738
SG_007540,0.1919629686
SG_007546,0.1628246151
SG_007552,0.2006707998
SG_007553,0.1681398471
SG_007557,0.1486394752
SG_007558,0.2542665478
SG_007560,0.1940687866
SG_007568,0.0926394938
SG_007571,0.2339574311
SG_007573,0.1247994759
SG_007577,0.1216023616
SG_007578,0.1586998294
SG_007579,0.0752235234
SG_007582,0.2248168909
SG_007586,0.0891013139
SG_007587,0.2063055309
SG_007589,0.1613274463
SG_007591,0.1061965997
SG_007595,0.1267053265
SG_007597,0.1778727239
SG_007599,0.1179694373
SG_007602,0.1603313287
SG_007605,0.1000691348
SG_007609,0.1228101133
SG_007614,0.1995040193
SG_007620,0.1651000971
SG_007628,0.2253256188
SG_007630,0.1390170767
SG_007646,0.2195232355
SG_007648,0.1219633078
SG_007654,0.1516092289
SG_007655,0.2678433477
SG_007656,0.3140827079
SG_007657,0.2220741804
SG_007658,0.1607833747
SG_007659,0.2114127193
SG_007660,0.1450754055
SG_007663,0.1061217311
SG_007665,0.2569737007
SG_007667,0.1359279902
SG_007670,0.1352538563
SG_007678,0.1086102065
SG_007679,0.2497878946
SG_007681,0.1299240330
SG_007685,0.2021067312
SG_007686,0.1739291386
SG_007687,0.1387027307
SG_007688,0.1163845718
SG_007691,0.1211869348
SG_007696,0.1427399105
SG_007698,0.1242503762
SG_007700,0.2148098717
SG_007703,0.1102716899
SG_007704,0.1240318129
SG_007706,0.1998431933
SG_007711,0.1437491049
SG_007712,0.1940207402
SG_007714,0.1009679870
SG_007717,0.1666292391
SG_007719,0.1432936499
SG_007720,0.1266019066
SG_007721,0.1717946927
SG_007728,0.1923305302
SG_007737,0.2115257933
SG_007741,0.1279899278
SG_007742,0.1355263799
SG_007744,0.1728422858
SG_007746,0.2012969254
SG_007748,0.1199333876
SG_007750,0.1008221197
SG_007751,0.0998499741
SG_007752,0.0907015860
SG_007758,0.2707098885
SG_007760,0.1223146588
SG_007762,0.2767112842
SG_007770,0.1200176782
SG_007772,0.1702451920
SG_007776,0.0881882165
SG_007780,0.2169993874
SG_007781,0.1299699126
SG_007782,0.1252759333
SG_007787,0.1965659796
SG_007800,0.1905509584
SG_007801,0.2358787472
SG_007804,0.1109491934
SG_007805,0.2093359120
SG_007807,0.1494579954
SG_007808,0.2820787712
SG_007813,0.1743768011
SG_007815,0.1042200778
SG_007817,0.1715560450
SG_007818,0.1659329400
SG_007820,0.1418538119
SG_007822,0.1436408778
SG_007823,0.1386225852
SG_007824,0.1267450660
SG_007834,0.1393964460
SG_007836,0.1079784055
SG_007839,0.1489286837
SG_007842,0.0723494483
SG_007844,0.1545430528
SG_007846,0.1010031152
SG_007849,0.1108027791
SG_007858,0.1935730926
SG_007864,0.2450329275
SG_007866,0.1621688544
SG_007875,0.1595739205
SG_007876,0.1663961842
SG_007880,0.1577902608
SG_007884,0.1448586589
SG_007889,0.2052680699
SG_007892,0.1218516716
SG_007897,0.1340827319
SG_007898,0.2000535498
SG_007899,0.1483707676
SG_007901,0.2067945406
SG_007908,0.1965265640
SG_007910,0.1478420918
SG_007922,0.1283668013
SG_007923,0.1347654105
SG_007926,0.2280915729
SG_007931,0.2131125279
SG_007933,0.1958512417
SG_007939,0.2169451840
SG_007940,0.1192351123
SG_007946,0.1581037045
SG_007947,0.1378017992
SG_007948,0.1747083402
SG_007954,0.1121849740
SG_007957,0.1094152108
SG_007960,0.2628189330
SG_007964,0.1297840753
SG_007965,0.1407294284
SG_007980,0.2124082259
SG_007985,0.1601593453
SG_007992,0.1056337246
SG_007996,0.1323130333
SG_007998,0.1272116133
SG_007999,0.1284215481
SG_008014,0.1221731482
SG_008015,0.1075769172
SG_008020,0.1521945844
SG_008026,0.1381146495
SG_008033,0.1705833362
SG_008043,0.1701640370
SG_008050,0.1556214319
SG_008055,0.1903208400
SG_008056,0.2020985652
SG_008058,0.1739444995
SG_008067,0.1558812075
SG_008074,0.2146323276
SG_008076,0.2263246500
SG_008081,0.1921788601
SG_008091,0.1091938029
SG_008099,0.1465343792
SG_008100,0.1447684136
SG_008101,0.1103843441
SG_008104,0.2007787971
SG_008115,0.2140789940
SG_008117,0.1022022387
SG_008118,0.2219364517
SG_008127,0.1560425825
SG_008131,0.1570481007
SG_008133,0.1504017707
SG_008137,0.1853636078
SG_008140,0.2016031167
SG_008141,0.1898260381
SG_008145,0.1294435798
SG_008152,0.1419008190
SG_008156,0.2384122772
SG_008160,0.1218654847
SG_008164,0.2201936947
SG_008167,0.2312503259
SG_008175,0.1360751344
SG_008176,0.2355553311
SG_008183,0.2391457743
SG_008188,0.1870763945
SG_008191,0.1219481963
SG_008192,0.2045785529
SG_008193,0.1193419245
SG_008195,0.2523600352
SG_008202,0.2173613883
SG_008213,0.1827474510
SG_008217,0.2431323560
SG_008224,0.1564897434
SG_008228,0.1799806906
SG_008229,0.1101362857
SG_008237,0.0965546721
SG_008242,0.0868464741
SG_008246,0.1467373080
SG_008248,0.1057896793
SG_008249,0.2093073018
SG_008253,0.1450424461
SG_008257,0.2103384872
SG_008261,0.2696208844
SG_008264,0.2074206417
SG_008265,0.1923187366
SG_008281,0.2050431597
SG_008283,0.1484436514
SG_008287,0.1208191658
SG_008291,0.3119127424
SG_008293,0.1360206417
SG_008294,0.1151898764
SG_008296,0.1560318648
SG_008298,0.1541296499
SG_008309,0.1941154027
SG_008310,0.1510727965
SG_008312,0.1371646653
SG_008316,0.1741241792
SG_008317,0.0861796990
SG_008318,0.1227845587
SG_008327,0.0917061300
SG_008330,0.1926928311
SG_008333,0.0817850367
SG_008336,0.1329476818
SG_008345,0.1107447299
SG_008347,0.0868748524
SG_008355,0.2144670143
SG_008358,0.1846929244
SG_008359,0.2976322151
SG_008360,0.1343129441
SG_008361,0.1127151448
SG_008362,0.2131267519
SG_008365,0.1427236317
SG_008366,0.2702418940
SG_008375,0.1522846982
SG_008376,0.1551351027
SG_008382,0.1084795411
SG_008383,0.1741805827
SG_008388,0.1755995970
SG_008389,0.2410016885
SG_008392,0.1859100132
SG_008396,0.1287988016
SG_008402,0.1590281695
SG_008410,0.1415562851
SG_008413,0.2083871797
SG_008417,0.2458524184
SG_008420,0.2545900884
SG_008422,0.1642447212
SG_008435,0.2472796876
SG_008440,0.1074093286
SG_008441,0.2363793988
SG_008442,0.1344282456
SG_008443,0.1201172890
SG_008444,0.1271322960
SG_008449,0.1669581135
SG_008452,0.2303037879
SG_008457,0.2273237030
SG_008459,0.2118834884
SG_008462,0.1447534116
SG_008467,0.2019491022
SG_008468,0.1458571923
SG_008478,0.0912517100
SG_008482,0.2925937430
SG_008484,0.2737594684
SG_008485,0.1582561812
SG_008494,0.1613305637
SG_008497,0.1620133537
SG_008498,0.1376414476
SG_008500,0.2548661960
SG_008501,0.2008131368
SG_008504,0.1141934845
SG_008506,0.2661820570
SG_008512,0.2618234007
SG_008514,0.2660398089
SG_008517,0.1932047395
SG_008522,0.2021983323
SG_008527,0.1280580044
SG_008529,0.2052713606
SG_008531,0.0933215779
SG_008534,0.3232677356
SG_008535,0.1491797423
SG_008536,0.1369602855
SG_008538,0.1566817400
SG_008541,0.0936440701
SG_008542,0.1411205225
SG_008545,0.3436581647
SG_008547,0.1823547172
SG_008549,0.2178829620
SG_008550,0.1451474103
SG_008551,0.1691702900
SG_008553,0.1272382884
SG_008555,0.1351414578
SG_008557,0.2168947721
SG_008561,0.0965286721
SG_008564,0.1480718945
SG_008565,0.2875166611
SG_008568,0.1433263147
SG_008569,0.1321795814
SG_008570,0.2470217140
SG_008572,0.1484766002
SG_008574,0.2191408877
SG_008575,0.2037284941
SG_008576,0.0917616269
SG_008577,0.1984512675
SG_008580,0.1790358704
SG_008586,0.1472174049
SG_008594,0.1812549231
SG_008598,0.1064781602
SG_008600,0.2515819007
SG_008614,0.1567249182
SG_008615,0.2698154541
SG_008617,0.1559280506
SG_008624,0.2039950945
SG_008630,0.2133541800
SG_008635,0.1166177074
SG_008636,0.1089917849
SG_008639,0.2409297021
SG_008645,0.1307843669
SG_008646,0.1300145416
SG_008650,0.2412296587
SG_008653,0.2414015938
SG_008669,0.2192126715
SG_008671,0.2090858679
SG_008689,0.2547805526
SG_008691,0.2469531016
SG_008693,0.2153903145
SG_008708,0.1131426408
SG_008714,0.2045296064
SG_008726,0.1088683003
SG_008727,0.2812953029
SG_008729,0.0959047193
SG_008734,0.2640946737
SG_008735,0.2187199713
SG_008737,0.2310764952
SG_008739,0.1053003530
SG_008745,0.2604847591
SG_008749,0.1353117293
SG_008755,0.1332396450
SG_008759,0.1332578991
SG_008766,0.1305683893
SG_008769,0.1340886978
SG_008770,0.1429649993
SG_008771,0.1166353842
SG_008773,0.2329311600
SG_008774,0.2005380786
SG_008776,0.1085285410
SG_008777,0.1921335838
SG_008780,0.2272529919
SG_008782,0.1572577532
SG_008784,0.1715003528
SG_008785,0.1687618614
SG_008787,0.1413027664
SG_008789,0.2751151430
SG_008793,0.1323958022
SG_008798,0.1273704082
SG_008810,0.2094568606
SG_008816,0.2661487216
SG_008823,0.2131428264
SG_008824,0.1129467278
SG_008825,0.2469819275
SG_008828,0.2410839385
SG_008836,0.1230685112
SG_008839,0.1394504425
SG_008840,0.0839166698
SG_008841,0.1402811172
SG_008843,0.2018326760
SG_008844,0.2227899645
SG_008845,0.1985812025
SG_008849,0.1452536990
SG_008850,0.1712786717
SG_008853,0.1652585800
SG_008855,0.1259915863
SG_008859,0.1975430790
SG_008862,0.1605888516
SG_008864,0.1390800306
SG_008865,0.1115808695
SG_008866,0.0964688602
SG_008867,0.3417046085
SG_008869,0.2212059309
SG_008876,0.2038912521
SG_008881,0.2067098497
SG_008883,0.1322128922
SG_008888,0.0923349745
SG_008889,0.2411998041
SG_008895,0.1762408316
SG_008897,0.1642650151
SG_008901,0.1340070555
SG_008905,0.0912249408
SG_008907,0.0995309669
SG_008908,0.0949595922
SG_008910,0.1191845030
SG_008913,0.1869592785
SG_008914,0.1334256724
SG_008917,0.1845069687
SG_008919,0.1194708471
SG_008920,0.2778332847
SG_008925,0.2254359961
SG_008926,0.1681513137
SG_008927,0.1191077237
SG_008930,0.1615568735
SG_008932,0.1357400683
SG_008934,0.2390277848
SG_008937,0.0955699311
SG_008940,0.1880298116
SG_008943,0.1263158249
SG_008947,0.1031006449
SG_008955,0.1846623306
SG_008960,0.2355883032
SG_008962,0.0789093737
SG_008964,0.1299201736
SG_008965,0.0860841825
SG_008966,0.1199503043
SG_008971,0.1135856742
SG_008972,0.1027451497
SG_008976,0.1942918636
SG_008978,0.0966924781
SG_008983,0.1105333247
SG_008989,0.3069865209
SG_008990,0.1280317175
SG_008994,0.2546737277
SG_008996,0.1884733410
SG_008998,0.1173960367
SG_008999,0.1073182283
SG_009001,0.2259987465
SG_009005,0.1562398328
SG_009006,0.1504106787
SG_009011,0.1542454395
SG_009017,0.1354365685
SG_009018,0.1394137428
SG_009032,0.1222572942
SG_009034,0.1319865497
SG_009043,0.2970654729
SG_009047,0.1080051461
SG_009048,0.1233355161
SG_009053,0.0975620743
SG_009055,0.1367525836
SG_009058,0.1414472404
SG_009063,0.2641047995
SG_009064,0.2307877026
SG_009065,0.2152125168
SG_009069,0.1542025774
SG_009070,0.1180112866
SG_009072,0.1208155039
SG_009075,0.1452621035
SG_009079,0.1436725950
SG_009080,0.2338396411
SG_009081,0.1355468468
SG_009083,0.1671863838
SG_009085,0.1120530079
SG_009091,0.2201274708
SG_009093,0.1246373893
SG_009100,0.0840852058
SG_009109,0.1691803862
SG_009115,0.1860341297
SG_009119,0.1378409251
SG_009120,0.1974587818
SG_009123,0.1535827032
SG_009124,0.1311323066
SG_009127,0.0995098730
SG_009128,0.1273409087
SG_009135,0.2309758779
SG_009136,0.2453795350
SG_009139,0.1778234493
SG_009146,0.3403973927
SG_009147,0.2267564254
SG_009149,0.1084304598
SG_009150,0.2215679089
SG_009152,0.3178090727
SG_009153,0.1563638031
SG_009159,0.2036780478
SG_009168,0.2098123176
SG_009169,0.3123367185
SG_009170,0.1202389885
SG_009172,0.0864614308
SG_009176,0.1322565337
SG_009179,0.1578074848
SG_009183,0.1817292012
SG_009193,0.1831202319
SG_009196,0.2316947155
SG_009199,0.1515762694
SG_009202,0.1956230068
SG_009203,0.0985128562
SG_009204,0.1032400490
SG_009206,0.1127783704
SG_009207,0.2451848535
SG_009209,0.1321374493
SG_009210,0.2167676236
SG_009214,0.2161255166
SG_009220,0.1816489897
SG_009223,0.1074199555
SG_009224,0.1581598652
SG_009225,0.1154862932
SG_009226,0.3739992007
SG_009229,0.1513250694
SG_009230,0.2408528892
SG_009236,0.2433009783
SG_009242,0.1265819445
SG_009246,0.2640662690
SG_009250,0.1994221411
SG_009253,0.2912413291
SG_009266,0.2851868137
SG_009268,0.1487941256
SG_009272,0.2064448378
SG_009273,0.1132365306
SG_009274,0.1742614920
SG_009277,0.2301613394
SG_009278,0.1717874455
SG_009279,0.1135118707
SG_009280,0.1656373982
SG_009281,0.1482496277
SG_009289,0.2276205884
SG_009290,0.2424595663
SG_009299,0.1053442306
SG_009300,0.1617982761
SG_009305,0.1096960102
SG_009307,0.2184514113
SG_009319,0.1131886494
SG_009328,0.0804524617
SG_009333,0.1669329715
SG_009335,0.1374781754
SG_009341,0.1570203519
SG_009347,0.1212443655
SG_009354,0.1657915843
SG_009355,0.3166986417
SG_009357,0.1533771048
SG_009362,0.1923013868
SG_009363,0.2582150339
SG_009365,0.1227271891
SG_009366,0.2450622011
SG_009367,0.1746231770
SG_009370,0.2001891326
SG_009386,0.1504110850
SG_009392,0.1385922486
SG_009398,0.1123929040
SG_009400,0.1084924072
SG_009402,0.1952406747
SG_009403,0.1444573726
SG_009404,0.1058247634
SG_009406,0.1707806748
SG_009407,0.2003921492
SG_009408,0.0829111345
SG_009409,0.0910564412
SG_009410,0.2417907392
SG_009411,0.2587861701
SG_009412,0.1146023295
SG_009413,0.0943205023
SG_009415,0.1398511385
SG_009417,0.1785214190
SG_009419,0.1428859375
SG_009425,0.2401662934
SG_009426,0.1465097024
SG_009427,0.1411183813
SG_009429,0.0844729943
SG_009434,0.1840417292
SG_009438,0.1414968840
SG_009441,0.1380024357
SG_009442,0.1435119634
SG_009444,0.2336393597
SG_009445,0.2649896913
SG_009446,0.1086465700
SG_009447,0.1393964831
SG_009449,0.1671860421
SG_009455,0.1508128593
SG_009458,0.2225370385
SG_009461,0.3168026464
SG_009462,0.3240782046
SG_009466,0.1674203734
SG_009473,0.1210180906
SG_009478,0.1834773708
SG_009479,0.1513268033
SG_009481,0.1296730981
SG_009485,0.1134971580
SG_009490,0.2188802772
SG_009496,0.1251382146
SG_009500,0.1107344678
SG_009502,0.2904740032
SG_009504,0.2229050273
SG_009505,0.1463741194
SG_009516,0.1445060317
SG_009518,0.2044132429
SG_009519,0.1806731274
SG_009528,0.1277209249
SG_009529,0.2294751625
SG_009530,0.0970010873
SG_009533,0.2302392473
SG_009537,0.0886540263
SG_009539,0.1263589169
SG_009540,0.1283573853
SG_009541,0.2242215175
SG_009544,0.1212184165
SG_009556,0.1756351976
SG_009558,0.1660944502
SG_009566,0.1361200286
SG_009567,0.1633471355
SG_009569,0.1044954599
SG_009573,0.1748129491
SG_009577,0.1026437486
SG_009581,0.1331401074
SG_009582,0.1711411216
SG_009584,0.1081956795
SG_009585,0.2003453015
SG_009589,0.1718556285
SG_009592,0.1031268791
SG_009593,0.2023525012
SG_009602,0.0932435376
SG_009614,0.1293385222
SG_009616,0.2725244090
SG_009618,0.2527929443
SG_009619,0.1049693067
SG_009620,0.1638164718
SG_009622,0.1133874334
SG_009630,0.2188425415
SG_009632,0.1308112724
SG_009639,0.1107781148
SG_009649,0.1850868204
SG_009651,0.1891108348
SG_009661,0.0929114622
SG_009670,0.0971564387
SG_009671,0.1825036103
SG_009679,0.2166165088
SG_009681,0.1070755727
SG_009683,0.1286664860
SG_009687,0.2482580338
SG_009690,0.1496600505
SG_009691,0.2728327181
SG_009694,0.1319558810
SG_009696,0.2720521734
SG_009701,0.2074736042
SG_009702,0.1196954998
SG_009707,0.1150578516
SG_009716,0.1129707928
SG_009718,0.1363744298
SG_009727,0.1447481001
SG_009736,0.1300428334
SG_009741,0.1653895167
SG_009744,0.1940862168
SG_009746,0.1533473182
SG_009747,0.1973814545
SG_009751,0.1848705367
SG_009754,0.1652811715
SG_009757,0.1138124162
SG_009759,0.2006118610
SG_009760,0.1812731588
SG_009762,0.1234017751
SG_009763,0.1921791089
SG_009766,0.2436383764
SG_009776,0.2629145520
SG_009778,0.2316245692
SG_009780,0.2667936004
SG_009782,0.2627111616
SG_009783,0.1048337166
SG_009785,0.1460519030
SG_009786,0.2705053155
SG_009791,0.1582559066
SG_009794,0.1080395604
SG_009795,0.1797439764
SG_009799,0.1723837247
SG_009800,0.2428307146
SG_009814,0.2455392805
SG_009819,0.1143441624
SG_009824,0.1261170596
SG_009825,0.2425653245
SG_009829,0.2241756162
SG_009834,0.1778416405
SG_009837,0.2016505849
SG_009838,0.1374530333
SG_009843,0.1679817293
SG_009845,0.1779530507
SG_009851,0.1964376857
SG_009855,0.2732311440
SG_009856,0.2462151184
SG_009862,0.1293335754
SG_009865,0.1050579095
SG_009867,0.1063873485
SG_009868,0.2428111011
SG_009869,0.0967084349
SG_009870,0.2149851194
SG_009875,0.1241386310
SG_009876,0.2087234567
SG_009877,0.2067006186
SG_009878,0.2782840492
SG_009880,0.2230280823
SG_009881,0.1416948255
SG_009895,0.2404952244
SG_009905,0.1400368706
SG_009909,0.1676587928
SG_009914,0.1590903596
SG_009916,0.1799076136
SG_009921,0.1117979707
SG_009923,0.2068051975
SG_009926,0.2362139620
SG_009929,0.2432635857
SG_009932,0.1685645413
SG_009933,0.1290713573
SG_009935,0.1161584227
SG_009936,0.1660683256
SG_009937,0.1326039262
SG_009941,0.1034800857
SG_009942,0.1639283958
SG_009953,0.2313208329
SG_009956,0.1006740577
SG_009959,0.1527081169
SG_009964,0.1565167846
SG_009972,0.2392582411
SG_009977,0.1610471712
SG_009979,0.2601707706
SG_009982,0.1202914604
SG_009985,0.2399690378
SG_009987,0.0849756828
SG_009989,0.1734427694
SG_009993,0.1191917962
SG_009997,0.1838971015
SG_009999,0.1904131757
SG_010002,0.2072808960
SG_010007,0.2388559770
SG_010008,0.1365212307
SG_010009,0.1090503946
SG_010010,0.1906263054
SG_010011,0.1343022092
SG_010012,0.1079659718
SG_010014,0.1096029504
SG_010015,0.1761405672
SG_010019,0.1400830527
SG_010020,0.1053971147
SG_010021,0.1212058059
SG_010024,0.1188708913
SG_010025,0.1358994230
SG_010034,0.1548514804
SG_010037,0.1084218038
SG_010038,0.1248834664
SG_010042,0.1972516047
SG_010045,0.1624830096
SG_010047,0.1194103925
SG_010048,0.2374980073
SG_010050,0.1717433179
SG_010052,0.1556160878
SG_010058,0.1688131461
SG_010061,0.2191288473
SG_010068,0.1458296110
SG_010069,0.0986146294
SG_010074,0.1349376636
SG_010078,0.1127377038
SG_010081,0.1080874039
SG_010084,0.1360479485
SG_010085,0.1198329179
SG_010086,0.3324132638
SG_010088,0.1781539572
SG_010091,0.0743973499
SG_010092,0.1953675804
SG_010099,0.1643069049
SG_010101,0.1396430313
SG_010103,0.1339500174
SG_010104,0.2039588819
SG_010106,0.2710196076
SG_010109,0.1476717253
SG_010115,0.0967244228
SG_010116,0.1965855626
SG_010117,0.1950153362
SG_010123,0.2907585758
SG_010130,0.0864546590
SG_010132,0.0919620807
SG_010134,0.2107333277
SG_010142,0.2811872374
SG_010144,0.1165368969
SG_010146,0.1402822451
SG_010151,0.0963145971
SG_010153,0.3180563992
SG_010155,0.1535135313
SG_010157,0.2320401104
SG_010165,0.0912989666
SG_010166,0.1358795590
SG_010169,0.1149921014
SG_010170,0.1139699891
SG_010172,0.1194042996
SG_010173,0.1937332594
SG_010174,0.1817526631
SG_010175,0.1636417205
SG_010176,0.1953141390
SG_010182,0.1092985522
SG_010183,0.1745881047
SG_010184,0.1751922853
SG_010187,0.1457085058
SG_010195,0.1088137573
SG_010198,0.1672271059
SG_010199,0.1570219372
SG_010200,0.0853691880
SG_010204,0.1987117054
SG_010206,0.1654280963
SG_010208,0.2240779055
SG_010209,0.1252339637
SG_010210,0.1925453662
SG_010213,0.1442585641
SG_010217,0.1680160590
SG_010226,0.2688900612
SG_010227,0.1192058980
SG_010234,0.1100399474
SG_010235,0.1405885711
SG_010238,0.2441558103
SG_010241,0.1366727233
SG_010242,0.1080286245
SG_010243,0.1173769622
SG_010246,0.2112021886
SG_010252,0.2436810490
SG_010253,0.3172161789
SG_010256,0.1770893990
SG_010257,0.1750024576
SG_010258,0.1081741168
SG_010259,0.2745420341
SG_010261,0.1637108371
SG_010263,0.1285359980
SG_010265,0.0763949149
SG_010267,0.1053055585
SG_010271,0.1491239718
SG_010273,0.1956239689
SG_010274,0.1137918216
SG_010277,0.2377455531
SG_010284,0.1017499510
SG_010286,0.1285585832
SG_010287,0.2840265927
SG_010288,0.1141124787
SG_010293,0.1227622658
SG_010294,0.1930195270
SG_010298,0.1446787743
SG_010306,0.2071204285
SG_010313,0.1508340687
SG_010315,0.2569821770
SG_010316,0.2550928841
SG_010319,0.1252548304
SG_010320,0.2900069036
SG_010322,0.1769899119
SG_010323,0.2477914868
SG_010326,0.1031672757
SG_010328,0.1811226919
SG_010329,0.2977289883
SG_010330,0.2150450865
SG_010332,0.0971337714
SG_010336,0.2116317994
SG_010344,0.1736056232
SG_010347,0.2322315667
SG_010350,0.1510637350
SG_010352,0.3030219888
SG_010354,0.1777035078
SG_010358,0.1886722010
SG_010371,0.1324085796
SG_010373,0.1791634868
SG_010379,0.1113242308
SG_010386,0.1586352763
SG_010393,0.1152397192
SG_010394,0.1890752241
SG_010399,0.3261716501
SG_010401,0.1308325398
SG_010404,0.1200029234
SG_010406,0.1676787283
SG_010407,0.1479870094
SG_010409,0.2958620123
SG_010412,0.2094450589
SG_010418,0.1153272453
SG_010420,0.1164512200
SG_010424,0.2776444420
SG_010425,0.1409648476
SG_010428,0.2743263018
SG_010430,0.3119466643
SG_010431,0.2223215328
SG_010435,0.1450027578
SG_010442,0.3217413593
SG_010455,0.1520428573
SG_010459,0.1216807446
SG_010460,0.2661373814
SG_010461,0.2040977852
SG_010462,0.1300355099
SG_010465,0.1159400820
SG_010467,0.1516232328
SG_010469,0.2037023583
SG_010470,0.2081199723
SG_010472,0.1052927327
SG_010475,0.2319258713
SG_010477,0.2653001148
SG_010481,0.2419777592
SG_010482,0.1141027671
SG_010483,0.1701486730
SG_010485,0.1765169460
SG_010486,0.1239871740
SG_010487,0.2539241536
SG_010490,0.1692831551
SG_010492,0.1522633823
SG_010493,0.1283491134
SG_010495,0.1366840797
SG_010498,0.1469020268
SG_010499,0.1240348613
SG_010501,0.2320036633
SG_010503,0.0931978354
SG_010505,0.1196017687
SG_010506,0.1234474466
SG_010507,0.0838721006
SG_010509,0.1957091693
SG_010510,0.1510574573
SG_010515,0.2538798846
SG_010517,0.2828225949
SG_010518,0.2115030507
SG_010531,0.1688679706
SG_010546,0.2667219816
SG_010547,0.1444264412
SG_010550,0.2407578967
SG_010552,0.1175930785
SG_010553,0.1536414954
SG_010555,0.1596663013
SG_010561,0.1336912526
SG_010562,0.1688153765
SG_010563,0.1846197591
SG_010569,0.1457351179
SG_010571,0.1482930748
SG_010577,0.1212781670
SG_010578,0.1239396008
SG_010579,0.1408358123
SG_010582,0.1517341520
SG_010585,0.2278855135
SG_010586,0.2532607900
SG_010588,0.1110712719
SG_010589,0.0940296128
SG_010590,0.2532961589
SG_010592,0.2810672628
SG_010594,0.1253446235
SG_010598,0.2587683589
SG_010600,0.1230886223
SG_010607,0.1705503280
SG_010611,0.2223367829
SG_010615,0.3010171791
SG_010616,0.2076161041
SG_010619,0.1228651326
SG_010627,0.1311937146
SG_010634,0.0856181021
SG_010635,0.1133093722
SG_010636,0.1550276220
SG_010649,0.1877456940
SG_010651,0.1355120347
SG_010653,0.1397008370
SG_010655,0.1729938953
SG_010659,0.1359445853
SG_010662,0.2641247499
SG_010664,0.2428763124
SG_010666,0.0955263923
SG_010668,0.1549443931
SG_010670,0.1748019926
SG_010673,0.2865237092
SG_010674,0.1514286950
SG_010679,0.2043822846
SG_010684,0.2058924677
SG_010685,0.1198352427
SG_010690,0.0873215065
SG_010696,0.1566082575
SG_010700,0.1564451448
SG_010707,0.1485016660
SG_010708,0.1262867597
SG_010713,0.1163799736
SG_010717,0.1193784207
SG_010718,0.1804384810
SG_010721,0.2299230545
SG_010722,0.1051331743
SG_010726,0.2348477139
SG_010729,0.1184812441
SG_010733,0.1257065291
SG_010734,0.1772862165
SG_010737,0.1486127259
SG_010739,0.1305038387
SG_010745,0.2353639959
SG_010752,0.1283547534
SG_010753,0.2029965260
SG_010757,0.1122199965
SG_010760,0.2170004849
SG_010763,0.1505343475
SG_010769,0.2279988081
SG_010772,0.2630886738
SG_010773,0.1067516117
SG_010774,0.1409576492
SG_010781,0.1199680254
SG_010784,0.1078431897
SG_010789,0.1282050514
SG_010791,0.1947573177
SG_010795,0.3315749283
SG_010796,0.1623190783
SG_010798,0.1508594236
SG_010801,0.1435554020
SG_010803,0.2493492317
SG_010808,0.1633969531
SG_010809,0.1293133099
SG_010810,0.2142168961
SG_010814,0.2037850169
SG_010816,0.0953067226
SG_010818,0.0994373453
SG_010824,0.2946985820
SG_010828,0.2808717128
SG_010830,0.2679524321
SG_010831,0.1180693411
SG_010837,0.2159560007
SG_010843,0.1599656894
SG_010844,0.2518791629
SG_010845,0.1049818479
SG_010846,0.1199725460
SG_010847,0.1799131182
SG_010853,0.1310351276
SG_010857,0.1040622068
SG_010860,0.1570622753
SG_010863,0.1236567141
SG_010865,0.1592473743
SG_010870,0.2063047760
SG_010871,0.2171400393
SG_010872,0.1452520084
SG_010876,0.3251137607
SG_010881,0.1217587217
SG_010882,0.1665520366
SG_010884,0.2812622133
SG_010887,0.1049455810
SG_010888,0.1518912403
SG_010889,0.2274410543
SG_010894,0.2125603559
SG_010896,0.2171261754
SG_010898,0.1331040659
SG_010902,0.1178029965
SG_010904,0.2199622782
SG_010907,0.2434619144
SG_010911,0.1092840534
SG_010922,0.1537362965
SG_010930,0.0803974184
SG_010946,0.2171555335
SG_010951,0.1112075605
SG_010956,0.2073138389
SG_010960,0.2648485193
SG_010961,0.1307206565
SG_010962,0.1639498206
SG_010969,0.1357209973
SG_010971,0.1255867938
SG_010973,0.2723601608
SG_010974,0.1050880101
SG_010977,0.0923583950
SG_010982,0.0877096775
SG_010985,0.1124895948
SG_010986,0.1327252426
SG_010987,0.2497275730
SG_010993,0.0989245163
SG_010995,0.1165857109
SG_010998,0.2772015018
SG_011003,0.1595501196
SG_011010,0.0999579594
SG_011012,0.1356962765
SG_011016,0.1354906343
SG_011017,0.1258623094
SG_011025,0.1120850096
SG_011031,0.2537244874
SG_011050,0.1044027281
SG_011052,0.1439964718
SG_011053,0.1910374176
SG_011055,0.1230299226
SG_011057,0.2193961368
SG_011060,0.1238918376
SG_011073,0.2010010521
SG_011075,0.1879632052
SG_011077,0.1239502175
SG_011088,0.1149931455
SG_011089,0.1280008699
SG_011097,0.1221294982
SG_011107,0.1764852466
SG_011110,0.1532798133
SG_011117,0.1260135920
SG_011120,0.2605459998
SG_011132,0.2082870572
SG_011133,0.0934486934
SG_011139,0.2981756644
SG_011143,0.2078676310
SG_011144,0.1218483470
SG_011147,0.2242188554
SG_011148,0.1708608190
SG_011151,0.1085166268
SG_011152,0.2356431939
SG_011154,0.1175062211
SG_011158,0.1716227985
SG_011159,0.2458231443
SG_011160,0.2050111443
SG_011161,0.1947598146
SG_011162,0.1480585459
SG_011164,0.1220934519
SG_011169,0.1214282141
SG_011170,0.1197851859
SG_011175,0.1596630817
SG_011176,0.2095574051
SG_011177,0.1347711277
SG_011182,0.2121632930
SG_011184,0.1851142435
SG_011186,0.1554031931
SG_011190,0.1169782065
SG_011192,0.2442645839
SG_011199,0.1198776876
SG_011200,0.1218630392
SG_011201,0.1246247468
SG_011203,0.0956929894
SG_011208,0.2859692957
SG_011212,0.1206582581
SG_011214,0.1810882712
SG_011221,0.2395950682
SG_011222,0.1708241425
SG_011224,0.1111143724
SG_011226,0.1944178866
SG_011235,0.2078133311
SG_011239,0.1177482748
SG_011250,0.1076471773
SG_011257,0.2323124726
SG_011259,0.1697101854
SG_011261,0.1174170215
SG_011262,0.2215391166
SG_011266,0.2079954730
SG_011274,0.1063121038
SG_011275,0.1109863952
SG_011279,0.1068259079
SG_011280,0.1675591415
SG_011285,0.1020603268
SG_011291,0.1469684639
SG_011294,0.1173658714
SG_011298,0.1693823306
SG_011303,0.1233444446
SG_011304,0.1302383659
SG_011306,0.1298095029
SG_011307,0.2108756534
SG_011308,0.2302284042
SG_011309,0.1437256053
SG_011310,0.1935094374
SG_011312,0.2325036356
SG_011313,0.3421248124
SG_011327,0.0986704188
SG_011333,0.1338833113
SG_011335,0.2313067251
SG_011337,0.1538439917
SG_011340,0.0824212473
SG_011343,0.1084857494
SG_011345,0.1174535801
SG_011347,0.1299198585
SG_011350,0.1363844101
SG_011357,0.2104603385
SG_011360,0.1584145067
SG_011361,0.2101937001
SG_011367,0.1058463545
SG_011371,0.1143872819
SG_011376,0.1130175913
SG_011377,0.2594754181
SG_011380,0.1459078538
SG_011381,0.1452181285
SG_011383,0.1217236877
SG_011398,0.1914919504
SG_011401,0.1570733905
SG_011413,0.1821588772
SG_011416,0.1229629231
SG_011420,0.1641280574
SG_011429,0.1325233143
SG_011432,0.0883904439
SG_011437,0.1483464979
SG_011443,0.1475401687
SG_011447,0.2737288451
SG_011450,0.1382310681
SG_011457,0.1674166279
SG_011458,0.1724684322
SG_011460,0.1411170967
SG_011464,0.1262254257
SG_011468,0.1103029260
SG_011469,0.1828069034
SG_011473,0.2395166042
SG_011475,0.2546011475
SG_011479,0.2211987181
SG_011482,0.2293367792
SG_011483,0.3007576884
SG_011492,0.1613017473
SG_011493,0.1486919229
SG_011497,0.0968974749
SG_011503,0.1339287251
SG_011504,0.2010622427
SG_011505,0.1366808643
SG_011512,0.1641539622
SG_011519,0.1227456215
SG_011526,0.1953108711
SG_011527,0.1420372515
SG_011528,0.1290795692
SG_011532,0.1055690410
SG_011541,0.1391499504
SG_011544,0.1433324383
SG_011547,0.2956084566
SG_011548,0.2732050845
SG_011552,0.1584208093
SG_011566,0.1462183418
SG_011567,0.1896642021
SG_011569,0.2005139856
SG_011575,0.1385953092
SG_011576,0.2838403989
SG_011577,0.1120137491
SG_011581,0.1843145939
SG_011584,0.2107843287
SG_011586,0.2129192352
SG_011593,0.1672401807
SG_011597,0.1125199032
SG_011598,0.2550068881
SG_011602,0.1812933553
SG_011605,0.2068786329
SG_011607,0.1249589918
SG_011612,0.3171671616
SG_011616,0.1759505082
SG_011617,0.1302901190
SG_011620,0.2359305780
SG_011622,0.1911217347
SG_011625,0.1336944872
SG_011626,0.2203485067
SG_011627,0.2259634570
SG_011632,0.2724891848
SG_011633,0.1954664162
SG_011635,0.2956364305
SG_011638,0.2112420988
SG_011640,0.2150431662
SG_011645,0.1253984887
SG_011649,0.1580383622
SG_011656,0.1299422459
SG_011662,0.1160367461
SG_011663,0.1932470017
SG_011666,0.1240039686
SG_011672,0.0935675857
SG_011673,0.1990490615
SG_011676,0.3116945829
SG_011678,0.1431788676
SG_011682,0.1440574875
SG_011683,0.1242312996
SG_011684,0.1016032652
SG_011691,0.2330690252
SG_011694,0.0915542605
SG_011695,0.1553252205
SG_011697,0.1729954255
SG_011699,0.1042338980
SG_011701,0.1771146865
SG_011704,0.2621440520
SG_011705,0.1487270002
SG_011708,0.1715140289
SG_011714,0.2730044726
SG_011715,0.1884776465
SG_011720,0.1379337890
SG_011721,0.0943581527
SG_011727,0.0979827916
SG_011728,0.1522404603
SG_011729,0.1595235271
SG_011731,0.1252684632
SG_011736,0.1913285454
SG_011737,0.1478444452
SG_011747,0.1300492854
SG_011749,0.2593704216
SG_011750,0.1697784271
SG_011752,0.1213783000
SG_011757,0.2466596577
SG_011764,0.1690793670
SG_011767,0.1066421812
SG_011769,0.2532407223
SG_011770,0.2510831994
SG_011772,0.2263529315
SG_011773,0.1177743251
SG_011777,0.1477120776
SG_011779,0.1467191202
SG_011780,0.1890901686
SG_011786,0.2931367916
SG_011787,0.2110234316
SG_011789,0.1008496337
SG_011796,0.0946414810
SG_011799,0.1499617728
SG_011801,0.1459080633
SG_011802,0.2586526331
SG_011806,0.0693850079
SG_011812,0.1797704411
SG_011814,0.2313873344
SG_011815,0.1855055161
SG_011816,0.2370743474
SG_011830,0.2087304420
SG_011833,0.0987732744
SG_011843,0.2373553711
SG_011853,0.2559224445
SG_011855,0.2591580000
SG_011858,0.1017354158
SG_011861,0.1143020573
SG_011863,0.1887228567
SG_011864,0.2183198271
SG_011868,0.1693872699
SG_011869,0.1884516310
SG_011871,0.3208414600
SG_011886,0.1151652187
SG_011889,0.1374471062
SG_011890,0.1680240491
SG_011894,0.1499209008
SG_011896,0.1307520109
SG_011898,0.1124707721
SG_011900,0.1789436905
SG_011918,0.2075853168
SG_011922,0.1279611840
SG_011925,0.1085253393
SG_011926,0.2103169345
SG_011927,0.2149042225
SG_011931,0.1573804719
SG_011933,0.1034915195
SG_011936,0.0823391747
SG_011939,0.1295944546
SG_011940,0.1664661355
SG_011953,0.1820926791
SG_011955,0.2492589551
SG_011956,0.1659621095
SG_011959,0.1103990961
SG_011961,0.2012063128
SG_011962,0.2533524679
SG_011966,0.2925878013
SG_011969,0.1122468212
SG_011971,0.1072509609
SG_011977,0.1825217782
SG_011978,0.1130184702
SG_011983,0.1357362823
SG_011986,0.1388531532
SG_011988,0.1015321958
SG_011993,0.2100830265
SG_011995,0.2273196244
SG_011996,0.1200203238
SG_011997,0.1761737500
SG_012000,0.1657974621
SG_012013,0.1741703851
SG_012018,0.1270228721
SG_012019,0.1554442073
SG_012020,0.1739571180
SG_012022,0.1278329348
SG_012031,0.1434290575
SG_012040,0.1570317603
SG_012041,0.1181031698
SG_012048,0.1046397851
SG_012050,0.1086547496
SG_012051,0.1231828184
SG_012052,0.2851973506
SG_012064,0.2366881694
SG_012066,0.1370818059
SG_012068,0.1375822876
SG_012076,0.1967785501
SG_012077,0.1306458687
SG_012078,0.1036640120
SG_012079,0.0917928022
SG_012080,0.2086678235
SG_012081,0.1150297843
SG_012082,0.1555858579
SG_012086,0.1708007821
SG_012089,0.2266518192
SG_012097,0.1220549815
SG_012104,0.1497772444
SG_012108,0.1889351081
SG_012113,0.1646840955
SG_012119,0.2433501144
SG_012124,0.2074993314
SG_012125,0.1497091791
SG_012141,0.2641464336
SG_012143,0.1514317983
SG_012145,0.1226549833
SG_012148,0.1391172635
SG_012150,0.1621156601
SG_012162,0.1202647539
SG_012165,0.1507359609
SG_012166,0.1223793636
SG_012167,0.1573044499
SG_012168,0.1110513650
SG_012169,0.1169722825
SG_012170,0.1156608783
SG_012175,0.1191118887
SG_012176,0.1650581605
SG_012177,0.1314063953
SG_012181,0.1928286564
SG_012186,0.3233354435
SG_012190,0.1612985667
SG_012192,0.2929547780
SG_012194,0.2021715122
SG_012195,0.1360287070
SG_012198,0.1494337873
SG_012199,0.1206490275
SG_012205,0.3153591948
SG_012206,0.2154058026
SG_012211,0.0971068823
SG_012212,0.2201685748
SG_012213,0.1399101504
SG_012216,0.2218686623
SG_012217,0.2085596540
SG_012218,0.2258261985
SG_012220,0.1269726360
SG_012225,0.1993941032
SG_012230,0.1128846307
SG_012232,0.1233759999
SG_012234,0.1610150101
SG_012238,0.1809904643
SG_012241,0.1413276762
SG_012243,0.0988891431
SG_012247,0.1187366755
SG_012253,0.1449546524
SG_012258,0.2089106934
SG_012260,0.1803860940
SG_012263,0.1195209983
SG_012264,0.2334111999
SG_012266,0.2742726037
SG_012270,0.1026978980
SG_012272,0.1056944946
SG_012276,0.2331247403
SG_012277,0.1114716919
SG_012278,0.1397652418
SG_012279,0.2055744378
SG_012280,0.2660974385
SG_012281,0.2680996623
SG_012283,0.2588833211
SG_012284,0.2307924543
SG_012285,0.1066092178
SG_012290,0.1754945645
SG_012293,0.1763508043
SG_012301,0.2364677057
SG_012305,0.1857076910
SG_012307,0.1936986783
SG_012308,0.1637604291
SG_012310,0.2045612839
SG_012312,0.2645730399
SG_012313,0.1273560791
SG_012316,0.1995221300
SG_012321,0.1307436306
SG_012322,0.2109298303
SG_012326,0.1747735329
SG_012334,0.1470136899
SG_012336,0.1321774659
SG_012337,0.1333093813
SG_012339,0.2799990922
SG_012340,0.1303258004
SG_012345,0.0920820103
SG_012355,0.2256678279
SG_012362,0.2081558263
SG_012363,0.1616747673
SG_012368,0.2323364719
SG_012375,0.1152865932
SG_012378,0.0788783591
SG_012381,0.1085758483
SG_012384,0.1452699511
SG_012390,0.1314070577
SG_012393,0.1400823714
SG_012397,0.1146115640
SG_012400,0.1464968197
SG_012402,0.1936498499
SG_012410,0.1428198060
SG_012414,0.1243494867
SG_012419,0.1746950100
SG_012420,0.2943548116
SG_012422,0.1990308145
SG_012423,0.1991862895
SG_012424,0.0952284282
SG_012427,0.1134717495
SG_012432,0.1671238656
SG_012436,0.2438362837
SG_012437,0.2400375726
SG_012438,0.2577716572
SG_012444,0.1060599864
SG_012446,0.0866457679
SG_012452,0.2762521003
SG_012453,0.1514923298
SG_012456,0.1583040908
SG_012459,0.0779360758
SG_012468,0.1211659232
SG_012470,0.1410605662
SG_012480,0.1117118163
SG_012484,0.1304701895
SG_012489,0.1011846185
SG_012493,0.1619928142
SG_012495,0.2047632557
SG_012499,0.2760989673
SG_012501,0.0989885268
SG_012502,0.1252693255
SG_012504,0.2642532369
SG_012506,0.1037481937
SG_012509,0.3007089823
SG_012510,0.2612494215
SG_012513,0.1472093768
SG_012519,0.2164264837
SG_012520,0.1554246090
SG_012521,0.1034444251
SG_012525,0.1426548446
SG_012527,0.1636052502
SG_012531,0.1648571906
SG_012533,0.3074204887
SG_012538,0.1153564161
SG_012539,0.2760531359
SG_012548,0.1665312544
SG_012550,0.2401862927
SG_012552,0.1325311394
SG_012556,0.1330843104
SG_012561,0.2227097546
SG_012562,0.0999402211
SG_012563,0.1625346710
SG_012564,0.2021282284
SG_012567,0.0803629585
SG_012568,0.2261876732
SG_012571,0.1907102500
SG_012575,0.1335812280
SG_012579,0.1820946347
SG_012588,0.1549032803
SG_012591,0.1169864145
SG_012594,0.1472040155
SG_012596,0.0941033802
SG_012600,0.2259341153
SG_012601,0.1283585385
SG_012603,0.1224482061
SG_012606,0.1434615685
SG_012609,0.2959637411
SG_012610,0.0971952525
SG_012615,0.1744708368
SG_012616,0.1584918820
SG_012619,0.1362517118
SG_012623,0.2290688394
SG_012628,0.1573059329
SG_012630,0.2168849247
SG_012632,0.2291955940
SG_012636,0.1672202235
SG_012640,0.0731781925
SG_012643,0.2255578520
SG_012648,0.2861819388
SG_012651,0.1196931538
SG_012654,0.1675038741
SG_012660,0.2482057461
SG_012661,0.2491197060
SG_012663,0.1450036217
SG_012669,0.1156876170
SG_012674,0.1605985141
SG_012680,0.1823383577
SG_012684,0.1631711066
SG_012688,0.1353992490
SG_012690,0.1781306901
SG_012697,0.2029966938
SG_012699,0.1499379257
SG_012701,0.1155297317
SG_012705,0.2154903071
SG_012709,0.1573673750
SG_012710,0.2717217521
SG_012715,0.1774815391
SG_012716,0.1586145567
SG_012718,0.1868623067
SG_012723,0.1115753561
SG_012724,0.1678648702
SG_012730,0.1702627385
SG_012734,0.2245763483
SG_012736,0.1787287999
SG_012738,0.1230295963
SG_012747,0.1854476704
SG_012749,0.2293080442
SG_012750,0.0934550036
SG_012753,0.2063828235
SG_012754,0.2625815724
SG_012757,0.1549908087
SG_012763,0.1602639733
SG_012764,0.1277563488
SG_012767,0.2395044055
SG_012768,0.1630395359
SG_012773,0.1184455990
SG_012775,0.1122485955
SG_012777,0.2383264422
SG_012786,0.1318994372
SG_012787,0.2595684704
SG_012792,0.2015168860
SG_012797,0.1946009178
SG_012805,0.1397615272
SG_012808,0.1800754727
SG_012810,0.2266232047
SG_012819,0.2809446729
SG_012821,0.2963550948
SG_012822,0.1987479968
SG_012831,0.1464479954
SG_012844,0.1900075762
SG_012845,0.1053135558
SG_012848,0.0791534383
SG_012849,0.2193188925
SG_012851,0.2207586894
SG_012859,0.0906076827
SG_012861,0.1727783422
SG_012869,0.2355144889
SG_012870,0.1683423641
SG_012873,0.1965548552
SG_012874,0.2287116689
SG_012883,0.1231686042
SG_012886,0.1656098057
SG_012887,0.0936789754
SG_012888,0.1447872934
SG_012891,0.1133655503
SG_012898,0.1798034454
SG_012905,0.2434529213
SG_012910,0.2338201478
SG_012913,0.1305435857
SG_012918,0.2303652102
SG_012919,0.1592847370
SG_012920,0.1314112661
SG_012923,0.1051601179
SG_012924,0.1898408739
SG_012926,0.2778916431
SG_012936,0.2510681371
SG_012938,0.1762806559
SG_012940,0.1262630293
SG_012945,0.1378227553
SG_012949,0.1201129013
SG_012958,0.1826080407
SG_012962,0.1619534045
SG_012967,0.1304226338
SG_012968,0.1222648818
SG_012970,0.1117691604
SG_012972,0.1276154832
SG_012978,0.1170152152
SG_012979,0.1604545096
SG_012980,0.3071107264
SG_012981,0.2520268325
SG_012983,0.1911141795
SG_012984,0.2348817869
SG_012989,0.1692711082
SG_012994,0.1345271421
SG_012997,0.1441274861
SG_013002,0.2083147169
SG_013009,0.2031186983
SG_013017,0.1231541953
SG_013023,0.2839397479
SG_013028,0.1379660359
SG_013030,0.1417139907
SG_013033,0.2453776326
SG_013042,0.2145105654
SG_013043,0.1390898981
SG_013045,0.1889021968
SG_013063,0.1744814168
SG_013064,0.1331472237
SG_013065,0.1293022930
SG_013068,0.2607115678
SG_013070,0.1129132747
SG_013071,0.1332512670
SG_013072,0.2286468837
SG_013077,0.1361434275
SG_013080,0.2866122605
SG_013082,0.1723784591
SG_013083,0.1467070705
SG_013085,0.2576419194
SG_013086,0.1297713356
SG_013093,0.1342429302
SG_013094,0.1228343310
SG_013096,0.3071696520
SG_013104,0.2272348929
SG_013108,0.1171537473
SG_013111,0.1324233949
SG_013112,0.1490947387
SG_013115,0.2169585161
SG_013117,0.1811825127
SG_013125,0.0923299189
SG_013127,0.1354175756
SG_013135,0.1568615156
SG_013138,0.2062994404
SG_013139,0.0959986139
SG_013141,0.2077423212
SG_013149,0.2191980851
SG_013150,0.2495135589
SG_013157,0.1955813469
SG_013159,0.2553376611
SG_013166,0.1430590613
SG_013172,0.2512137900
SG_013177,0.1659790761
SG_013178,0.1190273670
SG_013187,0.1120584288
SG_013196,0.1467571953
SG_013201,0.2693326642
SG_013202,0.1117871078
SG_013212,0.1163145981
SG_013219,0.1840695565
SG_013222,0.0951764259
SG_013223,0.2349095509
SG_013224,0.3228957078
SG_013233,0.1196786159
SG_013237,0.1027556298
SG_013245,0.1270533612
SG_013249,0.1161405241
SG_013250,0.1488630585
SG_013260,0.1535091347
SG_013264,0.1412569932
SG_013266,0.2127727221
SG_013267,0.2923092332
SG_013269,0.1099585601
SG_013273,0.2641701382
SG_013276,0.0839561095
SG_013280,0.2276917986
SG_013281,0.1908011843
SG_013282,0.1282296394
SG_013288,0.2348313245
SG_013292,0.1281646283
SG_013294,0.2437729949
SG_013297,0.1231313302
SG_013304,0.1234641459
SG_013311,0.1394149250
SG_013313,0.1839962561
SG_013314,0.1864830682
SG_013315,0.1616765216
SG_013317,0.2185279122
SG_013321,0.2058471957
SG_013323,0.1480012482
SG_013327,0.1238304975
SG_013328,0.1204827553
SG_013332,0.1251248905
SG_013337,0.1545936291
SG_013338,0.1413845322
SG_013339,0.0900507254
SG_013340,0.1963060980
SG_013342,0.0902347045
SG_013344,0.0803538035
SG_013345,0.1881030169
SG_013347,0.1750131221
SG_013348,0.1213806404
SG_013356,0.2590935403
SG_013358,0.1681796882
SG_013359,0.1816500204
SG_013360,0.1205443413
SG_013361,0.0976346202
SG_013362,0.2131815103
SG_013366,0.1417932497
SG_013371,0.2264619013
SG_013372,0.1447488723
SG_013374,0.2157310747
SG_013380,0.0828835077
SG_013383,0.1669970601
SG_013384,0.1177088642
SG_013391,0.1822620528
SG_013392,0.1614915430
SG_013393,0.2827839290
SG_013396,0.2305574724
SG_013400,0.1808317652
SG_013404,0.1314913437
SG_013412,0.1412079865
SG_013413,0.2437728339
SG_013414,0.1131536797
SG_013418,0.2328808437
SG_013420,0.1083515991
SG_013421,0.2053629022
SG_013424,0.2147752450
SG_013427,0.2399991132
SG_013430,0.3042069838
SG_013435,0.2908040447
SG_013438,0.2017161611
SG_013440,0.2229819798
SG_013443,0.2455203394
SG_013444,0.1563020692
SG_013446,0.0953290886
SG_013447,0.1368239554
SG_013452,0.1634973531
SG_013454,0.2387237693
SG_013456,0.1322247902
SG_013462,0.1766152493
SG_013463,0.2362060760
SG_013464,0.1319797924
SG_013468,0.0946113547
SG_013472,0.1708231320
SG_013474,0.1876722880
SG_013477,0.1255555005
SG_013480,0.1328531242
SG_013485,0.1161133756
SG_013486,0.1744945200
SG_013487,0.1619836076
SG_013491,0.1970342470
SG_013495,0.2106504487
SG_013499,0.1281316059
SG_013504,0.2979647087
SG_013508,0.1690886634
SG_013509,0.1225178750
SG_013515,0.1947489199
SG_013523,0.1134697613
SG_013528,0.1465032605
SG_013538,0.1918780275
SG_013542,0.1568432902
SG_013543,0.1333609801
SG_013544,0.1893249166
SG_013545,0.2593051857
SG_013546,0.1250035470
SG_013548,0.3093236794
SG_013549,0.2042863933
SG_013552,0.2677076589
SG_013553,0.2648252859
SG_013554,0.1745501903
SG_013557,0.1327347731
SG_013558,0.1706044545
SG_013561,0.2959892403
SG_013563,0.1727428691
SG_013565,0.1592650554
SG_013567,0.1050078604
SG_013568,0.0922995787
SG_013571,0.2502025971
SG_013574,0.1862659636
SG_013575,0.1020590383
SG_013578,0.2147190580
SG_013579,0.2096043998
SG_013580,0.1825855345
SG_013586,0.1100868085
SG_013588,0.1273738492
SG_013591,0.1581431770
SG_013598,0.3261078046
SG_013601,0.2771044688
SG_013602,0.2520640788
SG_013604,0.1242321862
SG_013608,0.1924839167
SG_013610,0.1429801975
SG_013612,0.1851666270
SG_013613,0.1338810227
SG_013616,0.1305553416
SG_013619,0.1203734313
SG_013624,0.2888599737
SG_013626,0.2195751943
SG_013628,0.2329471360
SG_013629,0.1403260563
SG_013633,0.1326257490
SG_013635,0.0980264263
SG_013637,0.1594685045
SG_013638,0.1542311197
SG_013639,0.1874791236
SG_013641,0.1855548040
SG_013646,0.1745668031
SG_013653,0.1164881074
SG_013667,0.1807549956
SG_013668,0.1477781090
SG_013670,0.1837178379
SG_013675,0.1692421251
SG_013677,0.1620985401
SG_013678,0.1820900762
SG_013681,0.1891055939
SG_013682,0.2603717197
SG_013683,0.2530604557
SG_013684,0.1765348944
SG_013685,0.1210973030
SG_013686,0.1931724535
SG_013690,0.1373329131
SG_013695,0.0987862981
SG_013705,0.1388242848
SG_013706,0.1045247129
SG_013708,0.0829580095
SG_013711,0.1098605594
SG_013713,0.2335562766
SG_013715,0.1330567240
SG_013716,0.1921214839
SG_013726,0.1773059586
SG_013727,0.0981167302
SG_013728,0.1717408880
SG_013731,0.1104590603
SG_013733,0.0893647683
SG_013737,0.1487019855
SG_013740,0.1983890665
SG_013741,0.1767375456
SG_013744,0.1148171708
SG_013745,0.2194131017
SG_013746,0.1102736475
SG_013747,0.1405215305
SG_013749,0.1971680029
SG_013755,0.1437371465
SG_013759,0.1847834806
SG_013765,0.1504569945
SG_013766,0.2004389916
SG_013769,0.1363317437
SG_013773,0.2025593898
SG_013785,0.1409892965
SG_013793,0.1017569813
SG_013800,0.1199604515
SG_013808,0.1624218379
SG_013815,0.2066006356
SG_013827,0.1643205109
SG_013840,0.1253759116
SG_013841,0.0891152703
SG_013842,0.1347620548
SG_013844,0.2335635325
SG_013845,0.1311063469
SG_013849,0.1297791463
SG_013850,0.1537517005
SG_013851,0.1001782905
SG_013853,0.1770628481
SG_013854,0.1230717955
SG_013855,0.1301174703
SG_013857,0.1987320789
SG_013860,0.2526344928
SG_013862,0.2418055153
SG_013867,0.2183441403
SG_013868,0.1157090613
SG_013870,0.1133573409
SG_013883,0.1150588179
SG_013884,0.1282730031
SG_013885,0.2239040298
SG_013892,0.2403198109
SG_013896,0.1153687402
SG_013898,0.1571567154
SG_013901,0.2448852189
SG_013905,0.1617522396
SG_013906,0.2026519148
SG_013907,0.1278451410
SG_013910,0.1595771814
SG_013912,0.1413870529
SG_013914,0.1870760862
SG_013919,0.2425284110
SG_013922,0.2667187937
SG_013943,0.1124958597
SG_013944,0.1263422465
SG_013946,0.1314059295
SG_013948,0.1285823102
SG_013949,0.1285955746
SG_013953,0.1552491669
SG_013962,0.2216703990
SG_013965,0.2039211136
SG_013969,0.1873553252
SG_013974,0.1105858889
SG_013978,0.1951739552
SG_013979,0.1150843186
SG_013980,0.2447368965
SG_013986,0.2163484389
SG_013997,0.1167348506
SG_014000,0.1643383915
SG_014004,0.0975742169
SG_014009,0.1872202965
SG_014010,0.1501208602
SG_014012,0.1524691630
SG_014014,0.2724638988
SG_014015,0.1741535479
SG_014016,0.1614828534
SG_014017,0.2714165488
SG_014018,0.0856267606
SG_014020,0.1683729772
SG_014021,0.1089240489
SG_014022,0.1887367737
SG_014023,0.1647256539
SG_014026,0.2879670640
SG_014030,0.1537962096
SG_014031,0.1536542431
SG_014036,0.1704814721
SG_014037,0.1061551763
SG_014039,0.1586751776
SG_014045,0.1845078373
SG_014046,0.1673275545
SG_014047,0.1863216739
SG_014050,0.0766491987
SG_014053,0.1419867994
SG_014058,0.1906213604
SG_014059,0.1940474775
SG_014062,0.1379416630
SG_014067,0.2445442909
SG_014072,0.0771658851
SG_014073,0.1671497542
SG_014075,0.1540263317
SG_014081,0.1896389826
SG_014085,0.1465420187
SG_014088,0.1749239472
SG_014096,0.2206140837
SG_014099,0.2058082744
SG_014102,0.1799587282
SG_014105,0.1702114302
SG_014111,0.2540311192
SG_014113,0.1370607584
SG_014116,0.1003732462
SG_014122,0.2035577458
SG_014123,0.1402895755
SG_014124,0.2138112460
SG_014130,0.2145244953
SG_014132,0.1782199582
SG_014135,0.2619739553
SG_014136,0.1327461460
SG_014139,0.1918715501
SG_014140,0.2067256952
SG_014141,0.1951113163
SG_014146,0.2135347676
SG_014155,0.1563105184
SG_014157,0.1536185280
SG_014161,0.1625871813
SG_014162,0.1778453382
SG_014165,0.1365146664
SG_014167,0.2566637590
SG_014168,0.2144078149
SG_014172,0.1163423536
SG_014176,0.1195407260
SG_014177,0.2925997238
SG_014184,0.3239471587
SG_014186,0.1721708513
SG_014188,0.1465117824
SG_014190,0.1158430497
SG_014191,0.1140410528
SG_014192,0.1093717992
SG_014194,0.2514582040
SG_014196,0.1378821866
SG_014197,0.2531847075
SG_014205,0.1456403276
SG_014210,0.1401688648
SG_014217,0.2105190226
SG_014219,0.2328277839
SG_014223,0.2266620301
SG_014235,0.0941929023
SG_014237,0.2028166057
SG_014243,0.1926420935
SG_014248,0.2755524885
SG_014249,0.1469930144
SG_014259,0.1730586726
SG_014269,0.2221743723
SG_014270,0.2038790580
SG_014272,0.0838875276
SG_014277,0.1485470413
SG_014288,0.1434513681
SG_014290,0.1150931158
SG_014292,0.1798177116
SG_014293,0.1425613855
SG_014295,0.1579887448
SG_014299,0.1081175232
SG_014308,0.1993760067
SG_014309,0.1157370256
SG_014311,0.3322178787
SG_014314,0.2340006210
SG_014319,0.1048518429
SG_014320,0.1033829761
SG_014321,0.3040025256
SG_014328,0.1946667970
SG_014334,0.1266766137
SG_014335,0.1239231471
SG_014339,0.2558758003
SG_014342,0.0914798356
SG_014343,0.3085414742
SG_014345,0.1464702199
SG_014363,0.1382217546
SG_014368,0.1489486588
SG_014370,0.0768698122
SG_014373,0.1679140591
SG_014375,0.1390228370
SG_014380,0.2974615680
SG_014383,0.2547616184
SG_014385,0.2218353171
SG_014386,0.1820070689
SG_014387,0.1484816005
SG_014389,0.1569137634
SG_014391,0.1611498445
SG_014394,0.2922294625
SG_014398,0.1042476188
SG_014402,0.1088243378
SG_014409,0.1888075804
SG_014411,0.1862302140
SG_014415,0.1938808219
SG_014416,0.2296713041
SG_014418,0.1025463804
SG_014425,0.1475975787
SG_014426,0.2658962038
SG_014431,0.1881373320
SG_014432,0.3287636019
SG_014446,0.1660368429
SG_014447,0.1163247653
SG_014457,0.1211847808
SG_014465,0.1705068202
SG_014466,0.1090808705
SG_014469,0.1134437948
SG_014474,0.1028675022
SG_014484,0.1262923192
SG_014486,0.0938526251
SG_014488,0.1239249021
SG_014491,0.1388783478
SG_014495,0.2463442969
SG_014512,0.2570343863
SG_014514,0.1160337488
SG_014516,0.1651743662
SG_014519,0.1283740816
SG_014522,0.1073671060
SG_014529,0.1611989224
SG_014538,0.2166014604
SG_014544,0.1829984004
SG_014551,0.1643463517
SG_014552,0.1964983011
SG_014556,0.1286694739
SG_014562,0.1997610291
SG_014565,0.1120888029
SG_014566,0.2298932095
SG_014568,0.0885839468
SG_014569,0.0872062928
SG_014570,0.1555075346
SG_014578,0.1187866920
SG_014579,0.2384029929
SG_014581,0.1763351121
SG_014582,0.1734496371
SG_014583,0.1060416990
SG_014587,0.1486376465
SG_014594,0.1584904288
SG_014596,0.1888962513
SG_014597,0.2050871519
SG_014607,0.1872669645
SG_014611,0.1016501832
SG_014616,0.1274443020
SG_014617,0.1622744685
SG_014618,0.1830107091
SG_014619,0.0911596556
SG_014621,0.2041373630
SG_014626,0.2265065774
SG_014634,0.0976387184
SG_014635,0.1824517472
SG_014636,0.1511106305
SG_014637,0.1285042527
SG_014640,0.1543418607
SG_014641,0.1632445611
SG_014645,0.1089468608
SG_014647,0.1246921284
SG_014653,0.1453153996
SG_014655,0.1094486476
SG_014656,0.2911548967
SG_014657,0.2749944894
SG_014660,0.1496232370
SG_014667,0.1065056379
SG_014672,0.2299141206
SG_014677,0.1094465531
SG_014680,0.1954891343
SG_014681,0.2447097447
SG_014687,0.1932870405
SG_014690,0.1904677680
SG_014691,0.1619840946
SG_014700,0.2418730509
SG_014701,0.2366104194
SG_014702,0.2721877381
SG_014703,0.1110052491
SG_014712,0.2211813532
SG_014713,0.1218633606
SG_014718,0.1014911117
SG_014720,0.2691236296
SG_014723,0.1452362987
SG_014729,0.2697536335
SG_014731,0.1785332190
SG_014733,0.2195918379
SG_014735,0.2333763485
SG_014742,0.0836049314
SG_014746,0.1071927872
SG_014748,0.0905582884
SG_014749,0.1407993281
SG_014753,0.1423652818
SG_014754,0.1025143541
SG_014757,0.1204355869
SG_014771,0.1451236452
SG_014774,0.1890845445
SG_014777,0.1322431730
SG_014778,0.2147847673
SG_014780,0.1239740478
SG_014787,0.2228145697
SG_014800,0.1431998914
SG_014801,0.2936318920
SG_014802,0.1174652039
SG_014803,0.1901847064
SG_014808,0.1152762607
SG_014812,0.1073199156
SG_014813,0.1061868445
SG_014815,0.2058878030
SG_014824,0.0854595466
SG_014825,0.1579439282
SG_014827,0.1718639975
SG_014830,0.0808893093
SG_014834,0.1171984481
SG_014839,0.2228923439
SG_014844,0.3024218899
SG_014865,0.2675796006
SG_014866,0.0965506116
SG_014867,0.1920692048
SG_014871,0.2618783896
SG_014874,0.1455602821
SG_014875,0.2176853178
SG_014879,0.1267737683
SG_014880,0.0935916161
SG_014882,0.1819900447
SG_014885,0.1947586954
SG_014887,0.2173948402
SG_014894,0.1312808884
SG_014895,0.1619034980
SG_014898,0.1180523639
SG_014900,0.1460852580
SG_014906,0.2165939836
SG_014909,0.1312559717
SG_014914,0.1589319427
SG_014919,0.0984510564
SG_014921,0.1639586507
SG_014939,0.3055107080
SG_014940,0.1952382062
SG_014945,0.1729477149
SG_014946,0.0855827627
SG_014951,0.2689519330
SG_014953,0.3671004883
SG_014955,0.1793013966
SG_014959,0.1584183885
SG_014961,0.1732048321
SG_014964,0.1718444682
SG_014965,0.1230440512
SG_014966,0.1674132478
SG_014969,0.2221949569
SG_014972,0.2127629331
SG_014976,0.1830958950
SG_014979,0.0964722298
SG_014980,0.1980121730
SG_014984,0.1854004080
SG_014990,0.0759542588
SG_014998,0.1417102157
SG_014999,0.1008154344
SG_015001,0.2305700822
SG_015002,0.1790141338
SG_015014,0.1485842225
SG_015015,0.1618742179
SG_015021,0.1425587068
SG_015026,0.1525820814
SG_015031,0.3225220831
SG_015036,0.1366931251
SG_015039,0.1112060513
SG_015042,0.1656309369
SG_015044,0.1396241232
SG_015046,0.2133802164
SG_015047,0.2225257820
SG_015050,0.1435708904
SG_015054,0.1872005989
SG_015066,0.1512441152
SG_015068,0.2680819048
SG_015071,0.1683215701
SG_015075,0.0877837196
SG_015076,0.1044490230
SG_015081,0.1962359628
SG_015082,0.1641679072
SG_015085,0.1519650713
SG_015093,0.2939254714
SG_015095,0.1533146192
SG_015099,0.1220986806
SG_015102,0.1041141705
SG_015103,0.3251239821
SG_015111,0.1236449996
SG_015112,0.1177770165
SG_015118,0.1406464950
SG_015125,0.1185274395
SG_015126,0.1601159966
SG_015127,0.1690069864
SG_015129,0.1096140835
SG_015134,0.1695186141
SG_015135,0.1453580769
SG_015137,0.1279668855
SG_015138,0.2982347734
SG_015144,0.1821100845
SG_015146,0.1410857320
SG_015152,0.1914453326
SG_015155,0.1272733572
SG_015158,0.2351378251
SG_015159,0.1417201826
SG_015161,0.1856787275
SG_015165,0.2209058335
SG_015167,0.2561995119
SG_015169,0.1607800267
SG_015176,0.2548073997
SG_015180,0.1284202073
SG_015183,0.1849900094
SG_015189,0.1267929981
SG_015190,0.1065766136
SG_015192,0.1285720047
SG_015195,0.1215861163
SG_015197,0.1849683414
SG_015201,0.2445377645
SG_015202,0.1264607531
SG_015214,0.1162020279
SG_015215,0.1587983332
SG_015217,0.1104497150
SG_015222,0.1672399260
SG_015224,0.1247915281
SG_015235,0.1667171764
SG_015239,0.1219099781
SG_015246,0.1309797992
SG_015251,0.1405194651
SG_015252,0.2092779110
SG_015256,0.2312108427
SG_015257,0.1904517438
SG_015261,0.1574432566
SG_015262,0.1805525661
SG_015263,0.2014286727
SG_015269,0.1633319619
SG_015270,0.1247397048
SG_015272,0.1433993488
SG_015276,0.2709047127
SG_015277,0.1175353088
SG_015278,0.1381121168
SG_015279,0.1991016353
SG_015280,0.1893709117
SG_015283,0.1459820320
SG_015284,0.2443901728
SG_015289,0.2744903193
SG_015290,0.1326382644
SG_015294,0.1515339279
SG_015296,0.1324458486
SG_015297,0.3492831109
SG_015302,0.1147272495
SG_015304,0.2412238390
SG_015308,0.1408340310
SG_015309,0.2008640093
SG_015312,0.2076058749
SG_015317,0.2748685805
SG_015322,0.1593361209
SG_015323,0.1740061928
SG_015326,0.1660366291
SG_015329,0.1006285916
SG_015337,0.1247870501
SG_015339,0.1715253671
SG_015340,0.1172639849
SG_015341,0.2086016864
SG_015346,0.1826451346
SG_015348,0.1589707340
SG_015349,0.1927514865
SG_015351,0.2652801741
SG_015355,0.1205511496
SG_015356,0.1799630619
SG_015360,0.1192480263
SG_015361,0.1654109358
SG_015362,0.2420412140
SG_015363,0.1211885714
SG_015369,0.1450333706
SG_015372,0.1535590683
SG_015375,0.1062597222
SG_015381,0.2038917422
SG_015382,0.1209868477
SG_015383,0.1315500937
SG_015384,0.2119586510
SG_015388,0.1470679718
SG_015395,0.1223254013
SG_015397,0.1461505646
SG_015399,0.1969588941
SG_015400,0.2413703333
SG_015401,0.1227240370
SG_015402,0.1915673358
SG_015403,0.2043871303
SG_015406,0.1920771789
SG_015412,0.2159431210
SG_015421,0.2793805594
SG_015424,0.1502769270
SG_015425,0.1660369856
SG_015428,0.1839579474
SG_015430,0.1615653822
SG_015431,0.1158871700
SG_015439,0.1322158899
SG_015440,0.0773498241
SG_015446,0.1809578497
SG_015447,0.1426414768
SG_015448,0.1294670075
SG_015452,0.1521158955
SG_015454,0.2535063007
SG_015458,0.2309316429
SG_015462,0.1613079819
SG_015463,0.2178936274
SG_015464,0.1624139118
SG_015466,0.1302812403
SG_015467,0.2188162245
SG_015470,0.1206378699
SG_015473,0.1295391572
SG_015479,0.1141915299
SG_015481,0.2051904830
SG_015483,0.1452869216
SG_015492,0.2473192728
SG_015495,0.1078259268
SG_015498,0.2000877106
SG_015503,0.1433768584
SG_015507,0.2205957534
SG_015512,0.1100666373
SG_015514,0.1699861599
SG_015517,0.1999955679
SG_015520,0.2348432920
SG_015524,0.1279653730
SG_015526,0.1483868582
SG_015527,0.1127897590
SG_015535,0.1463269897
SG_015537,0.2103805637
SG_015538,0.1816293593
SG_015540,0.2485446288
SG_015542,0.0972052261
SG_015543,0.3205991395
SG_015544,0.1633200216
SG_015546,0.2706028192
SG_015547,0.1672690086
SG_015550,0.1244439862
SG_015556,0.1145106764
SG_015558,0.2243250736
SG_015559,0.2313083920
SG_015560,0.1675964802
SG_015562,0.0990352988
SG_015565,0.1343857777
SG_015568,0.2810778746
SG_015572,0.1311277334
SG_015576,0.0781460640
SG_015578,0.0940170132
SG_015580,0.1226789025
SG_015582,0.1016210439
SG_015584,0.1476146863
SG_015585,0.1620796741
SG_015586,0.1427472101
SG_015587,0.1108151423
SG_015589,0.2201606008
SG_015590,0.1385102033
SG_015591,0.2085346307
SG_015593,0.1984497325
SG_015597,0.1593953918
SG_015598,0.1965473752
SG_015600,0.2262409527
SG_015606,0.1959373741
SG_015613,0.1890369111
SG_015615,0.2961312651
SG_015617,0.1296110046
SG_015619,0.1380971862
SG_015623,0.1928340520
SG_015627,0.2188951160
SG_015637,0.1188435544
SG_015641,0.1763814110
SG_015644,0.1993119112
SG_015649,0.1293708853
SG_015654,0.2748111837
SG_015655,0.2371310663
SG_015656,0.1079212174
SG_015659,0.1511917499
SG_015662,0.3139303545
SG_015664,0.1324304683
SG_015671,0.2789569658
SG_015675,0.1194309613
SG_015678,0.1411867760
SG_015680,0.1518978348
SG_015681,0.1240399683
SG_015682,0.1691954859
SG_015684,0.0909788214
SG_015693,0.2025632251
SG_015708,0.2790991415
SG_015715,0.1591420622
SG_015716,0.1589031565
SG_015718,0.0877231448
SG_015721,0.1940464102
SG_015724,0.2068004374
SG_015726,0.1986490666
SG_015729,0.1275487290
SG_015730,0.2080686374
SG_015735,0.1203312580
SG_015738,0.2069109515
SG_015743,0.1070266776
SG_015744,0.1272962025
SG_015746,0.0919806745
SG_015756,0.1814223197
SG_015762,0.1506765290
SG_015763,0.1652882161
SG_015766,0.1728728015
SG_015769,0.2418761504
SG_015770,0.1461108330
SG_015772,0.1172621380
SG_015773,0.2328541354
SG_015780,0.1408531106
SG_015790,0.1718317172
SG_015797,0.1458332500
SG_015806,0.1057221613
SG_015810,0.2229082123
SG_015815,0.1208172556
SG_015817,0.2543443050
SG_015818,0.2119461013
SG_015819,0.1788476330
SG_015820,0.1661178282
SG_015827,0.2092097168
SG_015828,0.1329178371
SG_015829,0.1456885757
SG_015832,0.1685044604
SG_015833,0.1844294209
SG_015834,0.0996974453
SG_015838,0.2520008527
SG_015840,0.1344482379
SG_015842,0.1499099479
SG_015845,0.1019734475
SG_015849,0.1455311469
SG_015857,0.1689073808
SG_015859,0.0801227309
SG_015860,0.2800441141
SG_015867,0.1329454846
SG_015873,0.2072682840
SG_015878,0.1694459695
SG_015879,0.1145379546
SG_015880,0.2193453774
SG_015881,0.0843241021
SG_015884,0.1230318168
SG_015885,0.1033280099
SG_015891,0.2034404795
SG_015893,0.1690027510
SG_015898,0.1881772069
SG_015900,0.1867187670
SG_015901,0.1179260788
SG_015907,0.1147547514
SG_015908,0.1750711410
SG_015910,0.2484429291
SG_015914,0.2492117212
SG_015917,0.2682125526
SG_015921,0.2559979706
SG_015922,0.1840062976
SG_015928,0.2562283305
SG_015939,0.1486793816
SG_015940,0.0986723375
SG_015942,0.2409647593
SG_015943,0.2759654446
SG_015947,0.1329981478
SG_015950,0.1640776801
SG_015951,0.2270506984
SG_015955,0.1083495121
SG_015964,0.2034951302
SG_015965,0.1598904498
SG_015972,0.1346934775
SG_015973,0.1640127188
SG_015975,0.0934991601
SG_015977,0.1913960282
SG_015978,0.2559076033
SG_015979,0.2757371140
SG_015980,0.1379736007
SG_015981,0.1769598380
SG_015985,0.2341710975
SG_015988,0.1348152833
SG_015989,0.2233301527
SG_015990,0.2273281864
SG_015998,0.2095194818
SG_015999,0.0958020800
SG_016002,0.1861730084
SG_016003,0.1567483386
SG_016004,0.1928361471
SG_016008,0.3286320860
SG_016010,0.2882957455
SG_016013,0.2111227427
SG_016015,0.1465296589
SG_016020,0.1122436292
SG_016021,0.1607037384
SG_016022,0.1294112391
SG_016027,0.2663298993
SG_016028,0.1295795073
SG_016029,0.1262881571
SG_016030,0.2826840656
SG_016045,0.1505972296
SG_016048,0.2029483646
SG_016049,0.1065312071
SG_016054,0.2997953471
SG_016056,0.1734049876
SG_016060,0.1749993701
SG_016065,0.0984384421
SG_016081,0.0969512033
SG_016085,0.1129402425
SG_016089,0.1522498629
SG_016091,0.2429399207
SG_016092,0.1548642450
SG_016101,0.2638987434
SG_016102,0.2627267108
SG_016103,0.1835320799
SG_016108,0.1127481954
SG_016109,0.2153791998
SG_016111,0.2798877780
SG_016113,0.1248062872
SG_016114,0.1282748494
SG_016115,0.1359918386
SG_016116,0.1732262263
SG_016119,0.0986958904
SG_016124,0.1207563126
SG_016127,0.1346273664
SG_016132,0.3046795919
SG_016133,0.1228985708
SG_016134,0.1943334162
SG_016138,0.1064136460
SG_016140,0.1710793799
SG_016146,0.2492197574
SG_016147,0.1487855912
SG_016156,0.2861967611
SG_016158,0.1597699677
SG_016159,0.1760108349
SG_016160,0.1024438806
SG_016161,0.1226947005
SG_016163,0.2205604034
SG_016164,0.1761787822
SG_016165,0.2142519311
SG_016166,0.1373047410
SG_016171,0.2038649394
SG_016172,0.2544311405
SG_016174,0.1419695268
SG_016176,0.1480458433
SG_016179,0.2718123109
SG_016181,0.2392767371
SG_016183,0.0821972976
SG_016185,0.1463828148
SG_016186,0.1096214742
SG_016187,0.0860094547
SG_016188,0.2299842919
SG_016190,0.1169635523
SG_016194,0.2098952707
SG_016195,0.1482571784
SG_016196,0.2677834454
SG_016197,0.1610907298
SG_016211,0.1174936681
SG_016214,0.2267972755
SG_016215,0.2026222893
SG_016219,0.1770175046
SG_016221,0.1670586249
SG_016222,0.1509510914
SG_016224,0.1366139661
SG_016225,0.1825576492
SG_016233,0.1461375807
SG_016234,0.1239903177
SG_016235,0.1271606985
SG_016238,0.0806627884
SG_016242,0.2732934963
SG_016244,0.1230659653
SG_016245,0.0957278056
SG_016246,0.2153369870
SG_016249,0.1564048495
SG_016251,0.2770194353
SG_016252,0.2871551813
SG_016259,0.1635756970
SG_016262,0.1782831260
SG_016263,0.0980340429
SG_016268,0.1597579709
SG_016270,0.1213716961
SG_016272,0.2373457392
SG_016273,0.2669806518
SG_016275,0.2854390279
SG_016278,0.2008971755
SG_016282,0.2205194729
SG_016285,0.1215446340
SG_016289,0.1910014033
SG_016292,0.1492913205
SG_016297,0.1562649390
SG_016299,0.2072015938
SG_016310,0.1610616843
SG_016315,0.1272288929
SG_016316,0.1545532156
SG_016318,0.1270472313
SG_016324,0.1117730979
SG_016326,0.1717012108
SG_016327,0.2258438796
SG_016330,0.0673696132
SG_016331,0.2302025724
SG_016332,0.0753939960
SG_016333,0.2592657029
SG_016334,0.1387870754
SG_016337,0.1230783357
SG_016341,0.2050399383
SG_016343,0.1251330034
SG_016345,0.2505968448
SG_016346,0.0920899972
SG_016349,0.1766738435
SG_016351,0.1364041802
SG_016352,0.0914167099
SG_016354,0.2073561785
SG_016363,0.1936976962
SG_016372,0.2029755501
SG_016375,0.1573437092
SG_016382,0.1573773023
SG_016384,0.1857046129
SG_016386,0.0961968337
SG_016389,0.1308806543
SG_016392,0.1775303862
SG_016393,0.1359452409
SG_016394,0.1630689790
SG_016401,0.1745128503
SG_016402,0.1264547155
SG_016405,0.2805882294
SG_016414,0.1541962580
SG_016421,0.0975898406
SG_016424,0.1650123047
SG_016425,0.1530789740
SG_016429,0.1012951870
SG_016431,0.1682377632
SG_016432,0.2016678780
SG_016435,0.2653109813
SG_016436,0.2200493630
SG_016443,0.0960551043
SG_016445,0.1470280625
SG_016450,0.2306910225
SG_016452,0.1250803718
SG_016456,0.2723945775
SG_016462,0.0993724141
SG_016463,0.1269302890
SG_016474,0.2102791842
SG_016482,0.1602912531
SG_016488,0.1205381212
SG_016502,0.0993327972
SG_016503,0.2137122979
SG_016507,0.2359079968
SG_016508,0.1201685727
SG_016511,0.1219464049
SG_016512,0.2764531315
SG_016517,0.1313002736
SG_016518,0.2815338709
SG_016520,0.1307055863
SG_016522,0.2573658775
SG_016524,0.1499384618
SG_016526,0.2037761716
SG_016528,0.2294039768
SG_016529,0.1606323346
SG_016532,0.2648741751
SG_016535,0.1256937040
SG_016537,0.0942856521
SG_016539,0.0994322912
SG_016542,0.1154442963
SG_016545,0.1620852551
SG_016547,0.1287154392
SG_016548,0.1096064482
SG_016554,0.1778364882
SG_016562,0.2001069735
SG_016563,0.1574194273
SG_016566,0.1054389524
SG_016567,0.1568880065
SG_016580,0.1480168493
SG_016581,0.1401859445
SG_016585,0.2210927562
SG_016600,0.1723757894
SG_016603,0.2502746161
SG_016604,0.1204352986
SG_016606,0.2206993314
SG_016609,0.1611706265
SG_016612,0.1797057473
SG_016613,0.1476802505
SG_016614,0.1689982144
SG_016623,0.1278327529
SG_016625,0.2743047213
SG_016632,0.2255982239
SG_016634,0.1417076831
SG_016637,0.1985032868
SG_016641,0.1749017249
SG_016646,0.1375673705
SG_016647,0.1058245510
SG_016660,0.0901131785
SG_016662,0.2105325662
SG_016670,0.2400486888
SG_016671,0.1386519152
SG_016673,0.0993067518
SG_016675,0.1441215530
SG_016685,0.1358091667
SG_016689,0.2533492119
SG_016690,0.1824981731
SG_016691,0.0880776758
SG_016692,0.1873783582
SG_016696,0.2586527199
SG_016698,0.1032870586
SG_016699,0.1319423145
SG_016703,0.1213462985
SG_016704,0.2457873621
SG_016705,0.2725688968
SG_016708,0.2247657366
SG_016710,0.1330414318
SG_016711,0.1771211955
SG_016714,0.1832316116
SG_016716,0.0804069791
SG_016719,0.2073817331
SG_016720,0.1074344861
SG_016721,0.1039511042
SG_016723,0.1036830116
SG_016732,0.2612474623
SG_016733,0.2124559412
SG_016736,0.1020163967
SG_016737,0.0950927138
SG_016738,0.1387326698
SG_016741,0.2394379689
SG_016745,0.2397058825
SG_016746,0.1212851052
SG_016752,0.1927305723
SG_016754,0.1313611571
SG_016758,0.1517439941
SG_016763,0.1462634595
SG_016765,0.1752740564
SG_016769,0.1227321763
SG_016776,0.2092369574
SG_016778,0.2720289606
SG_016779,0.2280121691
SG_016780,0.2622386017
SG_016783,0.2616876174
SG_016785,0.1804584081
SG_016786,0.1665396166
SG_016792,0.2496703710
SG_016793,0.1043101769
SG_016794,0.2439162961
SG_016805,0.1278800083
SG_016807,0.1433200492
SG_016810,0.1311303037
SG_016813,0.1909527281
SG_016818,0.1637698185
SG_016819,0.1448625384
SG_016823,0.2412978525
SG_016827,0.1349494627
SG_016828,0.1858687240
SG_016832,0.2123636056
SG_016834,0.2697395003
SG_016837,0.2302938477
SG_016840,0.1221565451
SG_016843,0.2848307465
SG_016847,0.1390574349
SG_016849,0.1255421831
SG_016851,0.1471795093
SG_016857,0.1517120755
SG_016858,0.3161447141
SG_016859,0.2007852829
SG_016861,0.1910378496
SG_016863,0.1990846257
SG_016874,0.2394381222
SG_016877,0.1269169786
SG_016881,0.2902101488
SG_016885,0.1585841802
SG_016887,0.2302620694
SG_016888,0.1929893433
SG_016891,0.1523910839
SG_016893,0.0902645087
SG_016895,0.2066810543
SG_016900,0.1833845148
SG_016902,0.1841499202
SG_016904,0.1219260771
SG_016909,0.1552878654
SG_016911,0.2081080404
SG_016924,0.0808554858
SG_016925,0.1458410918
SG_016928,0.1738021086
SG_016937,0.1031541096
SG_016939,0.2669887805
SG_016941,0.2132479775
SG_016944,0.2246761416
SG_016946,0.1249663831
SG_016951,0.1913786388
SG_016961,0.2834596294
SG_016963,0.1539240411
SG_016967,0.1367326102
SG_016968,0.2397567901
SG_016971,0.1790955504
SG_016973,0.1423989119
SG_016974,0.1110255187
SG_016975,0.2053735468
SG_016976,0.1693753516
SG_016986,0.1484453117
SG_016989,0.2790519322
SG_016990,0.2132267630
SG_017003,0.1568617779
SG_017005,0.1215996497
SG_017006,0.0952012059
SG_017016,0.1645208739
SG_017018,0.1463369246
SG_017021,0.1781015928
SG_017026,0.1343971923
SG_017028,0.1309453811
SG_017040,0.1395481769
SG_017043,0.1276986176
SG_017044,0.2233375722
SG_017046,0.1626744376
SG_017048,0.1150983101
SG_017049,0.1263548062
SG_017050,0.1052664821
SG_017055,0.2031123721
SG_017056,0.1153645020
SG_017062,0.1084166846
SG_017067,0.1187963902
SG_017070,0.1205693832
SG_017071,0.2376028232
SG_017076,0.1537679403
SG_017077,0.1664831934
SG_017079,0.0932109662
SG_017080,0.1116084892
SG_017085,0.1944815093
SG_017098,0.1223274601
SG_017103,0.1501376588
SG_017110,0.1809426956
SG_017111,0.2315403949
SG_017114,0.0855850857
SG_017116,0.2904709444
SG_017123,0.0897062005
SG_017124,0.1958380092
SG_017126,0.0997662798
SG_017127,0.1428829613
SG_017130,0.1898328239
SG_017139,0.1935663720
SG_017144,0.1387850687
SG_017145,0.1456678230
SG_017146,0.2083781975
SG_017154,0.1876750797
SG_017158,0.1997087465
SG_017170,0.1895177305
SG_017171,0.1643301611
SG_017172,0.1337903433
SG_017182,0.0884130091
SG_017187,0.0998355035
SG_017190,0.2637272415
SG_017192,0.1091822287
SG_017193,0.1500641622
SG_017195,0.2312625101
SG_017202,0.1646046884
SG_017206,0.1359369220
SG_017208,0.1639680684
SG_017213,0.1716522387
SG_017218,0.0995351269
SG_017220,0.1613070587
SG_017223,0.1335026012
SG_017224,0.2061757585
SG_017225,0.1767841869
SG_017227,0.1570644752
SG_017228,0.2598075456
SG_017230,0.1263956931
SG_017232,0.1834564832
SG_017235,0.1802495501
SG_017239,0.2100410377
SG_017241,0.1895858001
SG_017245,0.1133312868
SG_017250,0.2609224783
SG_017254,0.1108245589
SG_017255,0.1701719066
SG_017266,0.1257389180
SG_017269,0.1342319028
SG_017272,0.1578817462
SG_017276,0.1426555747
SG_017279,0.1161848379
SG_017281,0.0948306459
SG_017287,0.2055830303
SG_017288,0.1548248908
SG_017292,0.1781606489
SG_017294,0.2241548354
SG_017296,0.1071505319
SG_017303,0.1434437435
SG_017304,0.2083600135
SG_017309,0.2497344930
SG_017311,0.1514025961
SG_017316,0.0755652367
SG_017317,0.1987797101
SG_017318,0.2547515719
SG_017323,0.1980882428
SG_017328,0.2202082128
SG_017338,0.1724793543
SG_017339,0.2100922987
SG_017347,0.2076181406
SG_017348,0.1520259088
SG_017349,0.1282455713
SG_017350,0.1222350782
SG_017354,0.1256511803
SG_017358,0.1908949538
SG_017360,0.1123088401
SG_017361,0.1550568867
SG_017364,0.2216175059
SG_017368,0.2104576672
SG_017373,0.1632157108
SG_017376,0.2097362131
SG_017383,0.2317856170
SG_017385,0.1268860726
SG_017391,0.2190252128
SG_017399,0.2880372713
SG_017402,0.0662062425
SG_017405,0.0999887549
SG_017406,0.1248717764
SG_017416,0.1156690023
SG_017419,0.1949856682
SG_017421,0.1260694837
SG_017423,0.2063194958
SG_017425,0.2233408996
SG_017428,0.1787437629
SG_017431,0.1951922683
SG_017432,0.3001513004
SG_017438,0.2753033351
SG_017439,0.0887302944
SG_017445,0.1039319445
SG_017448,0.0942793749
SG_017452,0.1951952306
SG_017454,0.1983223963
SG_017457,0.1739930574
SG_017458,0.1861486998
SG_017464,0.1632431707
SG_017465,0.1183088929
SG_017466,0.2974952657
SG_017467,0.2419606913
SG_017475,0.1645154769
SG_017479,0.1741572240
SG_017480,0.0744822265
SG_017481,0.1647080223
SG_017482,0.1196216981
SG_017484,0.1414107192
SG_017486,0.1795595471
SG_017501,0.1411034351
SG_017504,0.1523047583
SG_017507,0.1350011011
SG_017509,0.1382986364
SG_017513,0.1532642919
SG_017514,0.1876187763
SG_017516,0.1023256327
SG_017518,0.1167360638
SG_017521,0.2033406810
SG_017526,0.1594186490
SG_017529,0.1013450482
SG_017532,0.1026562331
SG_017535,0.1539450657
SG_017537,0.1335009062
SG_017538,0.1511920497
SG_017542,0.1275909371
SG_017545,0.3427762141
SG_017549,0.2212210871
SG_017557,0.1426361759
SG_017559,0.2018682533
SG_017560,0.1153670154
SG_017562,0.1773567636
SG_017563,0.2168743771
SG_017565,0.1210753289
SG_017572,0.1209211090
SG_017575,0.2724931752
SG_017577,0.1454703182
SG_017578,0.1263849036
SG_017579,0.2624885998
SG_017580,0.1186584210
SG_017581,0.2184850530
SG_017589,0.2281254379
SG_017590,0.1033983614
SG_017594,0.2044463454
SG_017597,0.1467137391
SG_017604,0.2230231567
SG_017605,0.1631498490
SG_017606,0.2531583802
SG_017607,0.1534295887
SG_017611,0.2163175971
SG_017615,0.1162788008
SG_017616,0.1361975429
SG_017617,0.2538087674
SG_017621,0.1679857491
SG_017622,0.1729046482
SG_017629,0.1621687117
SG_017630,0.1322787392
SG_017634,0.1563894235
SG_017639,0.1456168276
SG_017642,0.1256833618
SG_017646,0.2752500783
SG_017657,0.2661041147
SG_017658,0.1780346350
SG_017667,0.1034005009
SG_017673,0.1783534844
SG_017674,0.1228075980
SG_017677,0.1095272440
SG_017679,0.1027263034
SG_017683,0.1547866934
SG_017687,0.0871490386
SG_017689,0.2242143624
SG_017691,0.1177039954
SG_017693,0.2173102722
SG_017696,0.1780396262
SG_017697,0.1517169356
SG_017702,0.1068820720
SG_017703,0.2899954098
SG_017709,0.0821006147
SG_017714,0.1270933887
SG_017715,0.2198837714
SG_017718,0.2548904891
SG_017719,0.1549208724
SG_017728,0.2141701278
SG_017729,0.1607823294
SG_017739,0.1681478099
SG_017743,0.1140698205
SG_017745,0.1085335324
SG_017746,0.1018967687
SG_017749,0.2883687732
SG_017750,0.1679851806
SG_017754,0.1121064942
SG_017757,0.2430202236
SG_017760,0.2755322774
SG_017774,0.2645943261
SG_017775,0.0991856919
SG_017776,0.1181609128
SG_017777,0.2308129084
SG_017778,0.1433714460
SG_017781,0.2218654449
SG_017782,0.3138792174
SG_017789,0.1813322348
SG_017795,0.1841085322
SG_017798,0.2243235015
SG_017811,0.1369133664
SG_017817,0.1671502883
SG_017819,0.2440621048
SG_017822,0.2866456463
SG_017827,0.1486951881
SG_017830,0.2926684962
SG_017832,0.1527796180
SG_017834,0.2683484377
SG_017838,0.2206647112
SG_017840,0.2370386574
SG_017847,0.1426303891
SG_017851,0.1762209027
SG_017855,0.2855201704
SG_017862,0.0719069737
SG_017865,0.1183010604
SG_017866,0.1405462652
SG_017867,0.1720509548
SG_017878,0.1336921030
SG_017879,0.0992819734
SG_017880,0.1388001232
SG_017881,0.0974413155
SG_017882,0.1936606644
SG_017886,0.1350123773
SG_017888,0.1124223924
SG_017889,0.1276116312
SG_017895,0.2493430004
SG_017900,0.1553943455
SG_017902,0.1544347127
SG_017907,0.2645685051
SG_017909,0.2007692302
SG_017910,0.1390546790
SG_017913,0.1941397493
SG_017914,0.2079707681
SG_017917,0.1918364108
SG_017918,0.2528006950
SG_017919,0.0850650943
SG_017920,0.1919151887
SG_017936,0.1197775038
SG_017938,0.1789019386
SG_017945,0.2334701702
SG_017947,0.1244438917
SG_017949,0.1393468127
SG_017956,0.2474354278
SG_017958,0.2205562245
SG_017960,0.1324711011
SG_017965,0.1042118011
SG_017971,0.2606100913
SG_017973,0.2208818081
SG_017978,0.2418545416
SG_017981,0.1234776035
SG_017985,0.2807400225
SG_017987,0.3583498324
SG_017991,0.2229001387
SG_017992,0.2143090929
SG_018002,0.1593763919
SG_018003,0.2793037091
SG_018005,0.1341210702
SG_018014,0.1281125900
SG_018015,0.1365874398
SG_018016,0.1988153984
SG_018017,0.2899088439
SG_018024,0.0985228340
SG_018028,0.2010797323
SG_018032,0.1737423721
SG_018033,0.1806594621
SG_018037,0.1590077697
SG_018040,0.1302859325
SG_018042,0.1443211102
SG_018046,0.1084247593
SG_018050,0.3356797880
SG_018055,0.2412449570
SG_018056,0.1671672564
SG_018061,0.1288856521
SG_018063,0.2317270761
SG_018064,0.1959437756
SG_018067,0.1277317115
SG_018072,0.1712657599
SG_018073,0.2123983614
SG_018074,0.2139265673
SG_018076,0.2060201509
SG_018080,0.1082421126
SG_018084,0.2010449611
SG_018088,0.1904708714
SG_018090,0.1989932611
SG_018092,0.2220518162
SG_018094,0.2551928931
SG_018096,0.1167967020
SG_018100,0.1993369670
SG_018109,0.1971561524
SG_018111,0.0861791059
SG_018120,0.2257443993
SG_018124,0.3181004074
SG_018125,0.1669467648
SG_018130,0.1843588612
SG_018132,0.1957528361
SG_018134,0.1068536937
SG_018140,0.1422885854
SG_018144,0.0964804105
SG_018146,0.2119266199
SG_018150,0.1610286372
SG_018154,0.2473027071
SG_018155,0.1373638743
SG_018160,0.0722960984
SG_018165,0.1278068023
SG_018166,0.1125053574
SG_018170,0.1425381281
SG_018174,0.1536480739
SG_018175,0.1028831194
SG_018178,0.1587641518
SG_018181,0.2286697034
SG_018186,0.2044545524
SG_018188,0.1505113413
SG_018195,0.1081638829
SG_018198,0.2001552086
SG_018201,0.0838482774
SG_018206,0.2400051946
SG_018208,0.1224577172
SG_018214,0.2752454304
SG_018215,0.2718466564
SG_018216,0.2163805831
SG_018221,0.2351971801
SG_018224,0.1217042356
SG_018228,0.1570140133
SG_018229,0.1059176335
SG_018238,0.1132527762
SG_018241,0.1134030666
SG_018246,0.1383906351
SG_018247,0.1032416933
SG_018252,0.2614035079
SG_018253,0.1339261876
SG_018259,0.2693773817
SG_018261,0.0957100603
SG_018263,0.2482534193
SG_018266,0.1347598392
SG_018269,0.1825245347
SG_018270,0.1175546425
SG_018276,0.1467925431
SG_018278,0.1361880910
SG_018281,0.1090428349
SG_018282,0.1708564184
SG_018284,0.1990395476
SG_018286,0.0993233680
SG_018287,0.1600179500
SG_018294,0.1024651355
SG_018297,0.1544812228
SG_018303,0.1995741005
SG_018305,0.2151265622
SG_018307,0.0886767434
SG_018312,0.2085286524
SG_018316,0.1830932932
SG_018321,0.1071552441
SG_018322,0.1708576251
SG_018325,0.0958020765
SG_018327,0.1318239887
SG_018330,0.1344349538
SG_018334,0.1976058794
SG_018336,0.1674604196
SG_018338,0.2409866048
SG_018341,0.1454765688
SG_018342,0.2028808817
SG_018347,0.1479938669
SG_018348,0.1967019217
SG_018351,0.1674214392
SG_018360,0.3487286605
SG_018361,0.1481331862
SG_018364,0.2451356238
SG_018366,0.2392781212
SG_018368,0.2784805452
SG_018372,0.2059338978
SG_018379,0.1416946484
SG_018381,0.1344611885
SG_018386,0.1008818334
SG_018387,0.1992205288
SG_018388,0.1795286668
SG_018394,0.2463487844
SG_018407,0.1520433497
SG_018410,0.2016508814
SG_018411,0.1132193388
SG_018417,0.1381957702
SG_018418,0.1526102532
SG_018420,0.1423953107
SG_018422,0.2214673936
SG_018424,0.2111298466
SG_018426,0.0990421582
SG_018427,0.1644853223
SG_018430,0.1154349218
SG_018433,0.1907996945
SG_018434,0.1786244850
SG_018436,0.2199292034
SG_018441,0.2048254749
SG_018442,0.1812945736
SG_018445,0.1900493290
SG_018448,0.1403891354
SG_018452,0.0690661825
SG_018455,0.1506861890
SG_018458,0.1339533814
SG_018462,0.2533400816
SG_018468,0.1311852658
SG_018469,0.2036637501
SG_018470,0.1895506010
SG_018471,0.1719277052
SG_018472,0.1727051171
SG_018474,0.0676934106
SG_018476,0.2161673459
SG_018481,0.2386698850
SG_018485,0.1891722848
SG_018487,0.1886230690
SG_018490,0.1110700585
SG_018491,0.1094745048
SG_018493,0.1566663859
SG_018494,0.1350553959
SG_018497,0.1483501847
SG_018501,0.1120333122
SG_018503,0.1023403729
SG_018505,0.1119289878
SG_018506,0.1521790609
SG_018510,0.1876719384
SG_018511,0.1460158956
SG_018514,0.1251942285
SG_018519,0.1656863108
SG_018520,0.0826391354
SG_018524,0.1460334789
SG_018525,0.0873227199
SG_018526,0.1104655636
SG_018529,0.1673709422
SG_018531,0.1871998064
SG_018534,0.1598128338
SG_018536,0.1225170222
SG_018537,0.1639604986
SG_018543,0.2046163730
SG_018544,0.1458467515
SG_018547,0.1480171291
SG_018548,0.1319906005
SG_018549,0.1743698022
SG_018553,0.1006044960
SG_018555,0.1889604287
SG_018558,0.1647884211
SG_018566,0.1080084914
SG_018568,0.2236084348
SG_018569,0.0844393870
SG_018573,0.1505191240
SG_018576,0.1508319634
SG_018579,0.0813693181
SG_018587,0.1669864394
SG_018591,0.1359072905
SG_018594,0.1342311351
SG_018601,0.2607664233
SG_018603,0.1898996917
SG_018608,0.1565954468
SG_018611,0.1799188297
SG_018612,0.2330176635
SG_018615,0.1127443155
SG_018617,0.1148147608
SG_018621,0.1939624375
SG_018623,0.1804505953
SG_018624,0.1916477488
SG_018631,0.1086463273
SG_018636,0.1435487299
SG_018637,0.1279911807
SG_018639,0.3009368996
SG_018644,0.1164182931
SG_018645,0.2815646511
SG_018647,0.2268565738
SG_018650,0.2163572628
SG_018651,0.0835645403
SG_018662,0.2418360065
SG_018663,0.1558964817
SG_018664,0.2198397757
SG_018665,0.1707793384
SG_018670,0.2857995419
SG_018676,0.1602097514
SG_018677,0.0961125444
SG_018678,0.2025638777
SG_018680,0.1306580479
SG_018685,0.1764260810
SG_018686,0.2460210447
SG_018687,0.1739045635
SG_018688,0.1334518698
SG_018689,0.1157109923
SG_018693,0.1134829652
SG_018694,0.1188901946
SG_018697,0.1341781959
SG_018703,0.1403520796
SG_018705,0.1895525614
SG_018709,0.0807208982
SG_018710,0.2800664660
SG_018711,0.2119789467
SG_018717,0.1260440259
SG_018721,0.1750152118
SG_018722,0.1578567679
SG_018731,0.1453526211
SG_018733,0.2233865268
SG_018738,0.1766907532
SG_018744,0.1720057809
SG_018745,0.1402041672
SG_018748,0.1472777033
SG_018756,0.2145195013
SG_018758,0.2051859339
SG_018761,0.1189685028
SG_018765,0.1497251605
SG_018766,0.2859023732
SG_018767,0.1279710284
SG_018768,0.1889396046
SG_018770,0.1289647827
SG_018779,0.1227221928
SG_018787,0.1487456059
SG_018788,0.1523485777
SG_018789,0.2064103628
SG_018791,0.2188597490
SG_018792,0.1809195289
SG_018793,0.0967509816
SG_018798,0.2644279816
SG_018799,0.1833663418
SG_018800,0.1193110583
SG_018803,0.1174865882
SG_018806,0.3078155128
SG_018809,0.0957462203
SG_018811,0.1662024257
SG_018817,0.1330178033
SG_018818,0.1463077160
SG_018821,0.0936477551
SG_018822,0.1207390495
SG_018823,0.1478947882
SG_018826,0.2058703359
SG_018831,0.1214108672
SG_018834,0.1355923094
SG_018837,0.2111129278
SG_018838,0.2923711777
SG_018842,0.2030742604
SG_018843,0.2758834270
SG_018847,0.2039542684
SG_018850,0.1528487839
SG_018852,0.2754649366
SG_018853,0.1065939417
SG_018859,0.2673393214
SG_018861,0.1780308288
SG_018875,0.1866991076
SG_018883,0.1615902588
SG_018885,0.1151811467
SG_018889,0.1778637003
SG_018890,0.1918672165
SG_018894,0.1340571734
SG_018895,0.3591522645
SG_018899,0.1347099908
SG_018901,0.2934567911
SG_018902,0.2066011245
SG_018904,0.2282927271
SG_018905,0.2107061386
SG_018906,0.1876099607
SG_018907,0.1768558514
SG_018908,0.1076578233
SG_018915,0.2251030087
SG_018918,0.1323178878
SG_018920,0.1968660323
SG_018924,0.2478454026
SG_018928,0.2041015564
SG_018940,0.1328832590
SG_018941,0.1238510729
SG_018942,0.1686143582
SG_018965,0.2716189280
SG_018966,0.1440922341
SG_018968,0.1145196651
SG_018970,0.1920468663
SG_018972,0.1136735078
SG_018978,0.1478426452
SG_018981,0.1229185509
SG_018984,0.1213179322
SG_018990,0.1705450565
SG_019006,0.1991392867
SG_019012,0.1592005231
SG_019014,0.1694210417
SG_019015,0.2749630862
SG_019016,0.2423097908
SG_019018,0.2137504443
SG_019019,0.1177829072
SG_019023,0.2766834639
SG_019028,0.1967911422
SG_019030,0.1303937897
SG_019036,0.1960624796
SG_019038,0.1080689007
SG_019039,0.2839788432
SG_019041,0.1963850868
SG_019042,0.1190004608
SG_019044,0.2798401586
SG_019051,0.1293485749
SG_019053,0.2089880127
SG_019054,0.1715535548
SG_019058,0.2277022512
SG_019069,0.1064942606
SG_019071,0.0884803741
SG_019082,0.1623383829
SG_019083,0.1295921047
SG_019084,0.1407642885
SG_019087,0.1045293623
SG_019092,0.1170906263
SG_019098,0.1846373178
SG_019102,0.3117299884
SG_019105,0.1950938531
SG_019106,0.1621386647
SG_019109,0.1215929572
SG_019115,0.1673420926
SG_019117,0.2326171493
SG_019119,0.1348051143
SG_019120,0.1880037599
SG_019131,0.1266495231
SG_019142,0.3041618688
SG_019146,0.1553226614
SG_019147,0.2013794616
SG_019149,0.1004954652
SG_019150,0.1301877529
SG_019162,0.1500517876
SG_019167,0.1340030881
SG_019169,0.1410524545
SG_019171,0.0736829486
SG_019176,0.2606879853
SG_019184,0.0942958769
SG_019187,0.1740679533
SG_019190,0.1090565011
SG_019197,0.1706448515
SG_019198,0.1186293635
SG_019201,0.1068486320
SG_019203,0.2320289009
SG_019204,0.1571480803
SG_019208,0.1372556164
SG_019209,0.1247262226
SG_019211,0.0898512444
SG_019212,0.1893118271
SG_019217,0.1561966133
SG_019221,0.1257240286
SG_019222,0.2379163560
SG_019223,0.1131339973
SG_019225,0.1807653322
SG_019237,0.2181364711
SG_019244,0.2349634429
SG_019245,0.2279552863
SG_019246,0.1438046618
SG_019247,0.1674444509
SG_019248,0.1299977758
SG_019249,0.1626747177
SG_019251,0.1341673738
SG_019253,0.1297438760
SG_019254,0.0981147677
SG_019255,0.1958546818
SG_019259,0.1015211494
SG_019265,0.1262200099
SG_019266,0.1673460001
SG_019267,0.2588928935
SG_019270,0.1013739466
SG_019271,0.1172514517
SG_019272,0.1610126118
SG_019273,0.1301264824
SG_019274,0.0815237878
SG_019275,0.1444980837
SG_019276,0.1134681754
SG_019282,0.1597743987
SG_019286,0.1935950084
SG_019289,0.1478844098
SG_019295,0.2365710015
SG_019296,0.2549128395
SG_019298,0.0852541610
SG_019300,0.1548834967
SG_019302,0.2651892584
SG_019311,0.2030662457
SG_019314,0.1585445450
SG_019315,0.1205711899
SG_019316,0.1904658715
SG_019321,0.1056280868
SG_019325,0.2433572486
SG_019326,0.2667752217
SG_019328,0.1197942906
SG_019330,0.1199415115
SG_019333,0.1634028653
SG_019336,0.1607608565
SG_019339,0.1748038380
SG_019346,0.1654371842
SG_019352,0.2012968227
SG_019358,0.2319749754
SG_019362,0.3001129729
SG_019368,0.1288764127
SG_019371,0.1611249095
SG_019373,0.2638077986
SG_019374,0.2427273471
SG_019375,0.1382293862
SG_019376,0.2519529044
SG_019386,0.1836144272
SG_019388,0.1692395142
SG_019394,0.1799393406
SG_019398,0.1559344175
SG_019408,0.1691985840
SG_019411,0.1155408834
SG_019419,0.2845491084
SG_019421,0.2587818401
SG_019425,0.1302891049
SG_019427,0.1480076744
SG_019428,0.1513410359
SG_019431,0.1130951351
SG_019432,0.1380278349
SG_019433,0.1708822303
SG_019436,0.2179830193
SG_019437,0.2323813036
SG_019440,0.0982911873
SG_019442,0.2213212591
SG_019446,0.1370759744
SG_019447,0.1138609067
SG_019449,0.1459145082
SG_019452,0.0969551552
SG_019455,0.1927338420
SG_019456,0.1462716472
SG_019458,0.2054149087
SG_019466,0.1490557279
SG_019468,0.2855470365
SG_019470,0.2010232991
SG_019471,0.1669836887
SG_019473,0.1602702581
SG_019478,0.1423609475
SG_019485,0.2800479154
SG_019488,0.1753049324
SG_019489,0.1475763843
SG_019491,0.1623672484
SG_019496,0.1792355853
SG_019498,0.1412333908
SG_019510,0.2385411823
SG_019516,0.0973363195
SG_019519,0.1191369016
SG_019523,0.1564550168
SG_019527,0.1189035852
SG_019530,0.1811886962
SG_019532,0.1332196149
SG_019534,0.1438795539
SG_019540,0.1794149745
SG_019541,0.1277139923
SG_019543,0.1685556928
SG_019553,0.1406107826
SG_019558,0.1595206724
SG_019562,0.1269617890
SG_019563,0.1361011470
SG_019564,0.1689569071
SG_019567,0.1185555183
SG_019570,0.2645625106
SG_019577,0.1485766228
SG_019583,0.3141880983
SG_019585,0.3013433230
SG_019587,0.2147627670
SG_019588,0.0916053357
SG_019591,0.1288062019
SG_019593,0.1118889561
SG_019598,0.1241870100
SG_019599,0.1585288644
SG_019602,0.2783102417
SG_019609,0.1913560926
SG_019620,0.1604870891
SG_019621,0.1021325150
SG_019624,0.2625722752
SG_019625,0.2005019116
SG_019627,0.0716209871
SG_019635,0.0893067382
SG_019638,0.1238153424
SG_019639,0.1029439612
SG_019642,0.2541877030
SG_019645,0.1263266192
SG_019647,0.2444704479
SG_019648,0.1334931540
SG_019650,0.1093230150
SG_019652,0.1921631862
SG_019654,0.1966811535
SG_019657,0.2062107084
SG_019660,0.1373275180
SG_019661,0.1278233757
SG_019662,0.1874193560
SG_019665,0.1325858497
SG_019666,0.1865239727
SG_019667,0.1510101378
SG_019676,0.2520477893
SG_019679,0.2900396203
SG_019680,0.2440092737
SG_019683,0.2087592707
SG_019689,0.1350789829
SG_019690,0.1802290850
SG_019691,0.1440565765
SG_019695,0.1391525158
SG_019698,0.1419897216
SG_019710,0.1403147582
SG_019711,0.1754171785
SG_019716,0.0978811022
SG_019724,0.1164413537
SG_019727,0.2683300769
SG_019728,0.1318382990
SG_019729,0.1240882819
SG_019733,0.2899546241
SG_019738,0.1857416254
SG_019740,0.1207030417
SG_019746,0.2413239223
SG_019747,0.2780941321
SG_019750,0.0970178942
SG_019755,0.2681542834
SG_019756,0.2145233022
SG_019761,0.1050396016
SG_019764,0.1184965005
SG_019766,0.1479679985
SG_019767,0.1288364750
SG_019769,0.1915465986
SG_019779,0.0912584589
SG_019782,0.1339121689
SG_019783,0.1529820425
SG_019784,0.1371436364
SG_019791,0.1108580631
SG_019792,0.1604820948
SG_019793,0.2960057140
SG_019797,0.0909724156
SG_019800,0.2233801858
SG_019801,0.1856968344
SG_019802,0.1288288621
SG_019804,0.1268190704
SG_019807,0.2477864838
SG_019809,0.2097325014
SG_019811,0.1746249912
SG_019812,0.1507388888
SG_019819,0.1441993541
SG_019828,0.1214899060
SG_019830,0.1599955141
SG_019832,0.1174608075
SG_019835,0.1203930896
SG_019838,0.1336849836
SG_019839,0.1186925919
SG_019842,0.2161743742
SG_019846,0.2020805212
SG_019849,0.1058946875
SG_019851,0.2833780835
SG_019852,0.1085503801
SG_019853,0.1951631693
SG_019854,0.2164377289
SG_019857,0.2116333103
SG_019858,0.3210251107
SG_019859,0.2032852350
SG_019864,0.1823743570
SG_019865,0.1512304457
SG_019868,0.1992117238
SG_019869,0.2313745425
SG_019873,0.1245722855
SG_019878,0.1534815599
SG_019883,0.2332663333
SG_019887,0.1273324262
SG_019888,0.1004437651
SG_019895,0.1566603126
SG_019900,0.0942627760
SG_019903,0.1257750343
SG_019906,0.2470342560
SG_019909,0.1020101830
SG_019910,0.1228294684
SG_019913,0.2350305982
SG_019914,0.1497645430
SG_019921,0.1195160027
SG_019923,0.1865845105
SG_019928,0.2973525828
SG_019930,0.2934158085
SG_019933,0.1515574881
SG_019939,0.1309217659
SG_019941,0.2086550044
SG_019944,0.1232857104
SG_019945,0.1679039131
SG_019947,0.1413177918
SG_019949,0.1998226655
SG_019950,0.1693145576
SG_019954,0.1432650686
SG_019955,0.2358055592
SG_019960,0.1170576737
SG_019961,0.2370514783
SG_019966,0.2694335629
SG_019968,0.2191691788
SG_019970,0.1246488487
SG_019973,0.0923508906
SG_019974,0.1550923170
SG_019976,0.1706668756
SG_019978,0.1463499946
SG_019980,0.0963879126
SG_019981,0.1469972674
SG_019983,0.2492518356
SG_019984,0.2639617829
SG_019985,0.1536633672
SG_019989,0.1263737629
SG_019994,0.1601834345
SG_019998,0.1140550169
SG_019999,0.2096260698
SG_020000,0.1278307798
